,A_Type
ACTTTCTAATCA,2
GAGAGAAAACCT,1
TACGGCTGTTAT,3
GACGCGTAAGTG,2
GAAAGGACTGCA,2
TGACCTGGATAA,2
ACTCCGTTCACT,2
TAGGTAGCGCGC,2
CTCTACCCTTCA,2
GCCCGTTATCTG,2
TTCTCGCCGTAA,2
GCATGACATATA,1
GAAATTTATTAG,2
CGTCCACGCTTT,1
CTCTGTTCGTCG,2
GGTCCAAAAGCC,1
TAAAACTTCATA,2
AGAGCCAAGCAC,3
TATTTCCAATAA,2
TTTGCCTGCTGT,2
CGTCCTGAGCTT,2
TGTGCATGTAAC,2
AGCGTATACTAA,1
CGCTTAATCAGC,3
AAATTCAGGCGG,2
GACGCTGCCAGG,2
ACCCTGTATTAC,2
CATCTATCAAGG,2
GTCAAGCACCGC,1
AGGGCGTTGTAG,2
AAATCGATGAAT,2
TTTTCCGCCACC,1
GGGTTCCTTCTT,3
TAAACTCCGTCT,2
ATAAAGAACATC,2
ATGGTTTGTCCA,2
GTGCCCTCTTTT,1
GTCTCGCAGGTT,1
CGCGCACTCGAT,3
ACGGCCTCCAAA,2
CATGAAAGTTGA,2
CATGTCGCCTGA,1
CTGTACTAGAAG,2
ATCTCGTGGTGC,1
GCACCATCATCA,2
CTATCATTAAAT,1
TGAGGCGATGAC,2
ATAAACAGCTGC,2
GCCCCGAGTGGT,1
TTCCTTTCGTGC,2
ACGCCCGGTACA,1
AGTCATCAATTC,2
ACTCCTATACCC,2
TCTCCGTTCCGC,1
TCATGAGTTCCG,2
AAGTCGATCAAC,2
GTATTATTATCT,2
CGCACTATCTTC,2
TACGAATACCTC,2
ACTTGGTTCAAG,1
CTCACCATACGG,1
TTCATTGAGCAT,2
ATCACGGTCCAC,2
CACGATTTTACT,2
GCCGTGAAGGTG,2
GACAAACCCGCA,3
AGACGAATCTAA,1
CCGATCATAAGA,3
TCTCGACGCTTG,1
AGTTTTAGATTA,3
CGAGTAAATATC,4
ATTGCTTTCTGT,2
GACGGATGTCAA,4
GAAGCATAAGCC,2
CCTACGGGTCAT,2
GATTGGACCATT,2
GCCCGATCGTTC,2
TAGTAAGGCACT,2
CGCGTTTTTATA,2
GTCAGATTGCCT,2
CACAACCGGTCT,2
TCCCCCTCGGCT,1
AGCTCGATTAAA,1
TAGTGATTGTTC,1
TACTCGTTACCT,1
CGACAGTGAGTC,2
GCTGACCGTCTC,1
TTAACGCCTACC,1
CGCCACGTCCCT,1
TGCCGGTTGTTC,1
TTCTAGGCCCGT,2
ATCAACTAGAAT,2
GCCCATCCTTCC,2
GCAGTATCTCAA,2
ATTGACCTTTTC,2
GACGTATATGCC,2
ATACGACGATTC,3
CCCGACTCTCTA,2
ACCGTTAGTGAC,2
CGGCGCTTGCAC,1
CTCCTAGCCGTA,2
GCGTCAAAGCGA,2
AGGTGTGTGTCC,2
GCAACGCCCGCC,1
AGTGGATCGCGT,1
ACAGAGAGGACA,1
TTCTGGACATGC,1
GCAGAACGCGGT,2
GCTCCTATGATA,3
ATCCTCTTACAT,2
GGCTAAACGTAT,1
ATTTCGCACGTT,1
GGTATACTGATC,2
CGTAACGGATCA,1
CCGGCATTCTCG,1
TTGCCTGCATTC,1
GTGGAGCTGTAA,2
GCATTTCGAACC,1
GCCTTCTGTGGC,2
GGACGGTGCGTC,3
ACGTCATCCGTA,3
TGATCCGGACTT,2
CAGCAGTGAGAA,3
CCCTTGTCATAA,2
AGTCTCCTACTC,1
CCGGTCACCCGT,1
CAAAGGGCACTA,1
AAACCATTCTTC,1
GTGTTCGTCACC,1
AAGGCTGGTGAC,2
CTTCAAACTCCC,2
GCGCCATGTCCC,3
GGTGGTGAGTAT,2
CCCAACATGGAT,3
CCACGGAGACAA,1
TTCCTTTCGGTA,2
ACTTACCTACCC,1
CTGAGTCCAACA,1
GTGAGTCAGCCT,1
GTGCTTATAGTC,1
GTGTATTAGGTT,2
GCTGGCCGTTGA,1
CCCCCCTGGGCT,1
AAAACACTCCTG,1
ACCAGACCCTAT,2
CGATCATGGTCC,1
ACTCATAACTAG,2
CTGGATGAGCCC,1
AGCCTTAGAACA,1
ACAATACGCGAG,2
AACTTGGGACTT,1
TGGCCGATGGGA,1
CTCCTTATCCCA,1
AGCCCCTCACGC,1
TTCAGTTGTCTT,3
GGAATGCAGATA,3
GTGGCCCTCACC,2
GGGCTCCACCAT,2
GTGATCGCTGGA,2
AATGCCAGACTA,2
AATGTAGTCTCT,1
CTTTATCAAAAA,2
TACCCCCGTATC,2
TCAAGAATTGAA,1
TCCAGCCAAGGA,1
CAGCTTCTCGAA,1
CTGCCAAGACTC,1
AAACCGGATATC,1
TGCACTATCCTT,1
TAGGTAACTAGC,1
ACCCTAATTTAA,1
GATGTCACCAAC,2
TGGAAAAGGTTT,1
CGCTATTTGCTA,2
TGAGGCGCAACC,1
GACCCGGACGAG,2
AACTAGCCAAAG,2
ACGCTTATGACC,3
CCGACGAAGGTT,1
CCAAAGTGTACC,1
GCTCCAGCCGGA,2
GTTATATACGAC,2
TACCAAAACATT,2
AAACATCCCAGC,4
AACCTTGGTCTC,3
AATGATTCTGGC,1
AGCGTGTTTGAA,2
AATAAATCTATC,1
CGAAACGGAGGC,3
TTCATGCCATGT,1
TAAGACTGCTAC,3
TCGGCCTTTCCC,4
ACTGCCTATGGA,1
ATTGGATGTGGT,2
GATAGTACCGAA,3
CGAGGTGTTCGT,3
GGTCTTTGTGCC,2
AAGGTCAGCGGC,3
GTACCACTTCAC,2
GTACTGGGTCCC,2
TTGAGTGAACTG,3
GAATCCTCAGGC,2
GGGCGCGATTTC,1
GTATCGTCGGAT,2
AGGAGCCCCCGA,1
CGACACTTCCCC,3
ACCAACCTCAGT,3
GGTTCGGGATAC,2
TTGCCCGGGTGA,1
TATTCGCGGTGT,2
GAATTAGGCAAC,1
GGAGGATACTTA,2
CGAATCTTTCAC,1
GATGTACGCAAA,1
ACCCTGGAAACC,3
CCCGACAAAGAA,3
TACACGGACTAC,4
CCCGAGCACGCG,1
AGGGTCCGAATT,3
TAACACAATTCG,2
TGGGATTGACTA,1
GACTCACCTTGT,1
TGGCATTCTCCC,1
CGTTGTTTGAAG,3
GCGGATCTATTG,1
CCGGGACATGAT,3
TGTTCATTTCGT,1
CACATCATTAAC,2
AACGTCCTACTA,2
GCAGGCTAGTCA,1
CTTGCGGCCGCA,3
ACCCTCGGTTTA,2
AGATTACATCGT,2
GTGATGCATAGA,2
TGCCAACCATCA,1
ACTGCCTCGATC,2
CGCCGCTGAGTT,2
CGATAGGTCTGT,1
GTCTGAGTGCAG,1
GTAGCCGATCAA,1
AGGCTGATGGAT,2
GTACGGTAACCG,3
TGTACTCCCCCA,1
CTATTCCTATGA,1
GTTTTCCGCGTT,3
TAAATCCTTCAT,1
ACAAATAACAGT,3
TCGTGGTTTTTC,2
AGGCTTCGTAAC,2
ATCGGGCAAACG,2
CACTCAGCGGCC,1
GCGACGCCACCA,2
TGTGCACTTAAG,2
GCGCTCTAAAGA,2
GGACCCCGTCAT,1
CCAAATGCGGAT,2
AGTCGTTTTCGA,3
TGGATGCACAGA,1
ATAAGCGACGAA,2
TCAGCTTCGCCA,1
AAGGTCCTCAGC,1
GGCTAATATCCG,3
CAAGTACGCCCT,2
ATTGAGCAGGAT,3
GACACCTTCAGA,1
GCGTCCGACGCC,1
CCCTCCTCGGGC,1
GTCCAGGATGCC,1
CGTGGGGTGTTC,4
CGACAGAAGATG,2
GTCGCGTCCGTA,3
GCCTTCCTGCCC,2
AGAGGTAACCTT,2
AAAAACGGCCTG,2
AGGTGACCACTC,3
CGTGTCGAGATA,1
CGTGCTTTCCCA,2
TTTGACAGTATG,2
AGTCTAAGGTTA,1
GGCCACTTGCTG,1
AACCATAGTTAG,1
ACTCCATAACTT,1
TTCGTTTCAATC,2
TTCTTATGCCCG,2
ACTGGGGCTTTA,2
TCGTGGATTTCG,2
AACATCCCTGAG,2
GCGGAAGATAGA,1
GCGAGCCAAGGG,3
AACATCCATTCT,3
CTCAAGGTTGGA,1
GACACTAGTGCT,1
CTCATAGGCACA,1
AAAGTGCCACAT,3
AGAGAAGGTTCC,2
CATCTTAATTAG,1
GCCTGACGACAA,2
AAGGGTGCTAAC,1
GCGCTGCTGAAA,3
GTGTGAAACAAA,1
ACTCTAAAAGGG,2
GGGACGCCCTCA,2
GTACCATGTGAT,1
GCCGTACCGCCT,1
TACACGGCCCGC,1
ATTCTAACGCCC,4
CCCACTGTGGGT,1
GTCACTGGTCGC,1
CGCTCAGTTCCA,1
TGTGTTCTGGAG,1
TCGGATGTTGCC,4
ATACAGTCGTCA,1
TAAGCCTCACAC,4
TACAAGCTGCAG,2
GTTTGCATGGTA,3
AATAGCACTGAA,2
TTACAGATCTAT,1
CGATCCGGCGTA,2
AAGGAGAAATGT,4
CTATTGCTCGTT,1
GTATGTTATGGT,1
TAACCTTACGAC,2
CCTTGTCCGTTA,3
AGTAGAATACAA,1
ACATCTTTGTCC,3
GGCAATGACCAC,3
GTAAGATGGCGC,1
GTAGCTGTGTTC,1
TGCCTCTGGCCT,2
CCGGTAGGCAGC,1
CTCGACGTGTGA,2
AAACCCATGTAC,2
CCTAAATATGTC,1
AAAAGTGTCACG,1
TTGTGAAACCCG,1
CGAGTTTATCTC,1
GCGGTTATGTAG,1
TGATTAATGGAG,1
TGTCGCTGCTCC,2
GAGATGTCTCTT,1
TGCACCATATCA,2
GATAAGCCGTGA,1
TGTAGCAACGAG,3
TTACGGATCGAA,2
AGCTAGGTCTCA,2
GTACCCTTTGCT,1
TCGGATCATCGC,1
CAGTGCCCATCT,2
TGCACCGGACTC,2
ATCACAGGCACG,4
TGGGTATCGATG,4
AAGCCTGATGCC,2
GATGCTACCCAA,2
GCCGCTGCAGGC,2
TGCTGCGCGCAC,1
TGTGATGGTCGA,2
GCAGCCCCGCTG,1
GGTAAACTACCC,2
GGTCACAACCGT,3
AACTCAGTTATG,1
GGCTCTCGTGGC,2
CTGGAGGCCCAA,1
ACGAGCTAAGTC,1
TAGGGGGCGCTC,1
CAGATTTAGGAA,1
ATTGGTCAATTA,2
TTTTATTGATCT,3
TCACAGACTTAG,1
GCACTTACAGCG,2
AACTTACAACAG,4
ACTTCCATACCT,4
CGAAGAAACCTC,1
AAGCTTTCCAAT,2
CTGATGCATAAA,1
AAATACGCCAAG,3
CTGCAGTACCAG,3
GGTCATGGTGGT,2
GGCACAATCGCG,2
AATTCTTGCCAA,4
GAGATTCTCTAC,4
TTTCAAGCAACC,4
GTGCGGACCACA,3
TCCTACGACCAA,3
CCCGGGAAGGTA,1
GGATCAAAATGG,1
TGGACGCGCTTT,1
CCAGATCGAAGA,4
GTCCAAACGCCT,1
TGGGTACGGCCC,1
CGCGTGTTCTAT,3
CGTCAACAGTGT,1
TAAGAGGGCTAC,2
AACCCACGTGGT,4
CTGGGCTCTTTA,2
TAGTTCCGCCTG,1
GCACACTTCGAA,2
TAGTAAATATTG,2
TTGACATCTTAA,3
GTACTGATCCGA,1
GTGCTGTGTAAG,1
CTGCCAGAAAAT,2
AGATGGGCCGAA,3
CCATTAGCGACA,1
GCTACCCCAACA,1
CGTTCGATTCCG,2
GAACCGTCAAAC,2
AGATGATCCGGC,2
GTCATCGGTCCA,1
GTTAAAGCGAGG,4
CGCAGCTATCAT,3
CTTGAGCACTAG,1
ACTCTGCCGCGA,1
ACTTACAGCGTG,3
TTTACTTTGTGG,1
CCGCCTCCGGAT,4
TCAGCGTACTTC,1
GATCCCTTGGTA,3
CAAGGCTGAACT,1
CGATGCCGAGAA,3
CCACTTAGAGAC,2
CTTCTAAAGACG,2
GAGTCGCTAGGA,1
AGGAAATTCCCG,1
AACAAAATGGAA,2
TTTGCGGCGTTG,1
AGATGCAATCCT,3
GCGATCCGGTGA,1
GCCCCCAAATAG,1
CAAGTTAGGTCC,3
CCACCCATAAGG,2
TTAACTGTACAT,3
CTGCTACATTCA,3
TGCACCACCACA,1
GCCCGCTGGGGT,3
CGTGGAGCTATT,3
TTCTTCACCTTC,1
TACTTTGCAGGT,1
TGTGGAGATTCC,4
TTTGGTGGTCCA,4
CGTCTTTTCTGT,1
CCGGTTCTCGCA,1
GCGCCCCGCTGC,1
TAAGTGCGGCAT,4
GCCGCCGCTATT,1
GGCAGTCATCCA,3
CCCTCTACGATT,4
GGGCGCCCTGAT,3
GAGGGACAGCCG,3
CACGCCAACTCT,4
TTCTACGCAAAG,1
GTAGCAACGCGG,1
TCAAATGTTGGC,2
CGAGCTGTTATC,1
AACTGATGGCTA,2
GTCGCATAACAG,1
CAACTTGGAAAT,4
AACGTACGAACC,2
CACTCGGATAAT,2
AACAAACGACCA,1
GCATGTGGGAAA,2
AAATATGATAGA,1
CAAGACCGAGAA,2
ACTAGCTCGCGT,2
CAGTTACGAATG,1
ACTCCGCCACAA,1
GCTCATGACCCT,2
CGATCCAGATGA,1
AAAGGACTTAGT,2
ATGTAATTTGTC,1
CGTAGTGTGCGA,1
GCAACTGTCCCT,1
CTAGACCCATTT,3
GGGGCAGGGACT,1
TGCGGGCAGGAG,2
CACTTCCTTGTT,3
AGCTAACGGGTA,3
AAGAAGCCACAG,2
CAGACTTCTTCG,1
GCGCTTACATAT,2
GTTTCGCTAGGG,1
ACCGGTAGCTGA,2
AAGGTGTCTCCA,3
CGGCGCGAAGAG,3
TCGCATCGCTGC,3
TTTTAATCCTCG,2
GATTGGCCTCTC,2
TTCTCGTGTCAA,1
CTGACCTTGATG,1
TATTATCATCCG,1
GTTTATAACACG,1
TGGCCTGGCGCG,4
GAAAGTTTACCC,3
GTCGAAAGCAGT,1
TCGATGTCTGTA,2
AGCCGAAATCTC,1
CGGGTGCGTACT,4
CGTTCGCGCCAA,3
CTTTTCTATCTC,2
GAGAAGTGAGTA,1
TAGCTTATACCG,3
CTAACGCTCCCG,1
TTAGAAATAGGG,2
ACACGTTCGGAT,4
CCGTCCGATACG,3
TTCCCTGTCCCG,3
TTGCCGCGAAGC,1
TACATTCTGCCC,2
TATCTACCTAAC,1
TCGACTGCGATC,4
TAGAACACATAC,1
TGTTGATGGCAG,3
CCCGTGTCCGCT,1
AACTGTGCTAGT,3
CAGAGATGTTAG,3
GACGTTTAGATG,2
AGGAATTTACAC,3
CGCGCCTCGGAA,4
GATAGGTCGCAC,1
AACCCTGGCGGA,1
ACCATGGCCATC,4
TTTGCTGACGAA,3
CCTGGCAAGAGA,1
TACTACCTCGTT,1
AGCCGTGATGGT,2
AGTTTGGGCATT,2
ATCTTGACGGCG,3
GTGGATGGTCTA,3
TATTAGGACGCA,1
GATTGTTGCAGG,3
CAGTAAGTCAGT,4
CGTGTGCAAAGA,3
CCAGTAACCTTG,3
ACCCGGGAACGA,1
CGTACTTCGGAG,3
AACCTCACTATA,2
AGGTCGACGCGT,1
GCAGTCTCGGAC,1
AAGTTGTTCGCG,2
CTTGTACAATCT,2
TCTGAAAGGGCG,3
ATTCGCAATGCT,2
CGATTCAGCACT,2
GTTGAGACTATA,1
TGTTTCGGAATT,1
GAACACTTGCGT,1
GGTTGCATCGTT,3
CTAGAGGCTAGG,1
ATATCCCCTCTT,1
CCCACCTTATTT,4
GACATGCGACTC,2
CTCGTAAGCGGA,3
GCATATCCCATC,1
GACAATTTAATA,1
GATGGTGAGACC,1
CTCACACCATGC,3
AAACGAACGATG,1
CGGGCAGCGCTC,3
GTATCATTTGCA,3
CGCGGTTAAGAT,2
GCTCGGAGAATG,3
GCATAGCACGAG,2
CTGTCAAATTCC,1
TGTTGACTCTCT,2
TACCCCTGGGCC,1
GGGCCGGGGTTC,2
GAATGCAGTGCG,3
CAAAGATCAGTG,3
CCCCTCAGAGCG,3
TTGAGATTTTTT,2
TTGCGGTTTAGA,4
CAGCTCGCTTAT,1
GCAAGACGACCT,1
TCATCCTCCACG,2
TCGCTGGCCTGG,1
CCCAACCTCATA,1
GTATACTGACGT,1
CATAGTACATCA,3
GTGCTTTTTTAA,1
TCTGAGATGAGC,3
GTCATTGTTGAA,3
GTCGCATTCTGT,4
CCCCATCGCGTG,2
ATCGCCACGGGC,1
CTTAAGTTGAGT,4
GTTCTGGTCCTG,1
TATCCTATGCCT,3
GCCTTATGGCGG,2
GCTTAAATGGCC,1
AGGCACACCTCT,1
GACGTTCAATCC,2
GCCTGAATCAAG,3
CAACACCTAACA,3
AAGACGGTCCTC,1
ACAAGAGAATTG,1
CAGTCCAATTGG,2
CTGTGTCACTAG,1
TCTCGAGGGTAC,1
CTTATGACTCGT,1
GCTGAACTAACA,2
CACGCTTTACTG,1
CAGGACATTTTA,2
AAAACGCCTTTC,1
TGCTACGTGTTC,2
CGGACAAGTTAA,1
CCGCTTTACGTA,2
GTCAATAACAAC,4
CTCAACCCATTG,1
CGCGGTTCTCCG,2
ATGCGATCTCTG,4
GTCGCATTCATA,3
CTATGTACCGGG,1
GCCGTTGACGTA,1
TCGACACGAAAT,2
CGACTCACTCGC,2
CACTTTCGGCAT,2
GATCCCTTGTGG,2
CGGTTTGCCCAG,1
CTCGCCGCCCAT,4
ACTAAAGGCCTC,2
GGCAACTGCTTA,2
GCGACACTGACA,4
GGCAGCAATGTC,3
AAGGCCCGCCAC,3
GTAGGACCGCGT,2
ACCGTTTCTCTC,1
TAAATAGTGTCG,1
GACAGGAAATAT,1
TCCAAATGGAAC,1
CCCTTCCATTTC,2
ACTTCCCAAAAG,3
AGACCGTCGTTT,4
GAGATGGTATGA,2
GATTACGTTTGT,1
ACCAACGATTCG,3
GACCTCCGCTAA,3
ACGTATTGCCTT,3
GGGTATCCTCTA,4
TATAACGCGGAT,3
AACCGTTAGGTC,3
ACGAAATGGTAT,3
CATGGTCGCTTT,3
GATAAAAGATGC,2
TTGACTGTCGAA,3
CGAGCAACATTA,1
TGTAGGGCTCAG,2
TTAGCGACTTGT,3
CAGGGGGGAGGA,2
GGAATTAAGTCG,3
ACATCTAGGTAA,2
GCTCCAGACATC,2
GTCCTAGAACTG,1
TAGGTCGGATAA,2
TGGTTACAACGA,2
AGTGTTAGCTTT,4
CCTACACTCGGT,3
AAAACCGGTACC,4
GTGTGTCGGAGA,3
GCCAGTCTGGCC,3
ACAACGTGATCA,2
TAAAACAGTGCC,1
CCAGCATACTCT,2
CCGCGATTATAG,1
TAGAATTGCAGA,4
ATGTAACTGGTG,3
GGGTCGCCTTCT,1
TAGGGCTCGGAC,1
TTATGACAAGAA,2
ATGACTTACGCA,4
GCACAACGGGTC,2
ACCGCTAGCGGA,2
GCTACACCAGTG,4
TACGCTTCCAGG,3
TGCCTCGATGAG,4
GGCGGCGACTCC,1
TATCGCTGCTCC,2
ACAACCACCAAG,3
TATGTCCCACGG,2
TGGGTTAGACGT,1
GCGCATATAAGT,4
GGGCTACAGCTG,1
TGAGGTTACTCG,2
TTCGTATGTTCC,3
TATTGTCTGTGC,2
CCTCTAATATCT,2
TGCACCGAGGCC,4
TACACCACAGTC,3
TCATTATCTACT,3
TTGTACAGCACA,4
TTCATTATCTGC,2
GGCGAATGCTAC,2
CATTGCGATCCT,3
AACAGTTCCAAC,2
CAGGTAACCCGG,2
TACTGCCAGCAC,2
CCCGTTCGTATC,2
TTTACAACGTTG,1
AGAATTAGAGTA,1
AGCGGAAGGCCA,2
ATATCCCATCAT,4
CTTACTCGTTCC,4
AACCCCGGCCAG,1
CGACGCCTACGA,2
TTTCACGACATT,3
GAATCCTTATGC,1
GCAAACCGCCTA,4
AAGCTGGACGAT,2
TCGAGAGTTGAG,1
AAGGGGCGACTC,2
GCCTTGCTGGTT,2
CTGCAAGACGTA,1
CCAACCGTAGAT,3
CGGTATCAGGAA,1
GGACGAATCCCA,3
CGACCATTCTCA,1
GCGTCGTCCTAA,4
CTCCAGAAATAG,2
TACGGTGAGTGT,3
AAGCCTGTTGTA,2
GATGTAGGAGGA,2
ACCCTGGAGACG,2
GTTTGGTGGTCG,2
GAGTCAACGGAA,3
ACCTGGGGCAAC,1
CGGATTGTTATT,3
TGTTTACGCCTT,1
AAGTTCCGAAAT,3
CCGACGACCCTC,1
GAGGGGCTCAAA,2
GTATTCCGATTA,2
TATCAAAGCGAG,1
CACATGCAGCAC,1
CTCACCTCTGAT,2
TCGGGGCTCATA,1
CCCGAATCTATG,1
CGGTACATTTGA,3
ACTTGACTTGGC,3
ATGGTCCGTAAG,4
CAGCCAATGCCA,3
CCAAGTGCCCTA,3
GTCGACCAATTG,1
CTGTCCGACCAT,4
TGCCTTCTTTGA,1
TGTAGATATTGA,2
AGGTAGCTTGGT,1
TTGCCGGAGGGC,2
GTAGGCTGGAGT,3
CGACTAGAACCA,2
GTGCCACACATT,1
GACGACATGTTC,2
GGCTGTACAACA,1
AACGGGCCGCCA,2
AGACGAACCTAT,2
CGAAGTTTCGTA,1
GTTGGGTAACAC,2
AACACAGGACAT,3
AAGATTTAGGTA,1
AGTTTTATACCT,3
CAACAAGAGTAC,2
GGTTACCGTCTT,3
TGAGTGAATGTT,4
CTGTAGCCATCC,4
GGATAGGGCCCC,1
TGCACTTCACAT,3
CGCGATACGGCG,1
TGTGCCCGATAG,1
GTCTAGAAGGGC,4
CTCTACATCCTC,1
TAGTGTCTGGCG,1
CAACCCTGTGTC,1
AGTTGGGCAGTC,3
ATTAAGCAGAAC,2
CTTGCGACACTT,3
TTCGCTGCGTTT,3
GTTGAACCGATT,1
TCCTTTTTTAGT,2
GCTAATGCCCAT,2
GGGCCAAACACC,4
TCCCTGAGGTTT,4
TAAGTGCGCTAC,2
TCGAACCGGTCA,2
AGTGAACCAGTG,1
TAAACACGTAAG,3
TATAGGCGAATA,4
AAAATTCGATCA,1
GGGAGACGAAGC,2
TGCATAGCTATC,1
AACCTTTAGCCC,1
ATCCCCCAGGGA,2
GTTCCGAACGGA,2
ATCTATATTGAA,1
CGGAACTTCCCG,3
CGTGTAACGTAG,1
GCTGTTATGGGA,4
TCGGGGATCACA,1
ATTACTGCAGTC,4
CTGCGACACTGG,1
AAACCGCCATAT,1
ACCTTGACATGG,1
CTTATGACGGCG,2
TCGCGAGGCGGT,2
AGTCAGGAACGT,4
GCCAGCCACTTT,4
AATTCACGTATG,1
TTACACCGCTTG,1
GAGTAACATAGG,1
TTGATAAGGCTG,3
AGCCGACGATGC,2
AGTGGTCTCCAA,1
CATAAGCCAGCC,4
TTACACCTGCAC,2
ACAAGCTAGGCG,1
ACACTGAGCAGG,2
TCCACCTCACCT,2
CGGTAGAGCTAT,3
ATTTGGCTACAA,4
TCAGCTTCGGAC,2
CTTGCCGCCATT,4
AAGCCCTAGACC,1
ACAATTGCCTAC,2
CTTAGTCTGAGA,1
AGGACGATTGTT,4
GGGAGTTAAACC,1
ACTTGTTAGTCT,4
ATCGTTGGGCTG,2
ACGAACGCGCTT,2
CCAAATTACCGG,3
CTTTTAGGTCGG,1
ATCAGCTTGAAA,1
ATAGTACCCTCC,3
GCGTGGTTACGC,3
GTAGTTCCGTTG,4
CGTCCTTAGATC,1
GGAGTATAAACT,1
GTAAATTACTGG,1
TCGCAAGCACTC,4
ATGTGAGGGTGG,3
CCTTGTTCATTT,2
GTTGTCATTATC,4
CAGAGCAACTTT,1
CTCGTTCTGTAA,2
GTGGATGATCAC,1
TGGGTAGTGCCG,3
GATCTCCACAGG,4
CGACCGACTTTC,2
GCTAACCTTATC,4
GGTGCCTACAGT,3
CGATTGTTAGCT,1
GGCTGCCACACT,1
TCGTCGGCACTT,2
CGAGATGTCGCA,4
CTTGACAGTCTG,4
GTAATATGATGC,4
AGCACCGTATTT,2
ATCTGATACGTG,2
GGGACAATCCGT,3
GGGTGCTCGGTT,2
AGTATACCTGAG,3
ATTTGTTGAGCA,2
TTTTAACGAGAG,3
CCACCGAGCAAA,2
GGCGGATACACG,2
AGCGTTGCGAGC,3
CCCCAGCATAGG,2
AAACGAAAAGTC,3
AGTGTTACCCTG,2
CCCGGCTTTTGG,1
AGCCAATACCCT,1
ATCGCGTGTATC,2
CATGTCCCGGCC,2
CTGGTTAGTCAC,4
CGGAGGAGGCTA,3
GGATACGAAATA,2
CGAGCGGATAAG,3
GGGCTATCTGAC,4
TTCAGGGAGTTT,2
ATATTTTGCTAT,2
CACATCGCATCG,1
CTGCACGCCCAT,3
GTGAGCTAGAGA,3
CTCAGTGAGATG,4
CTTACCAGAGGT,3
GGAGTGGGATGC,3
TCTGAGTTAACC,1
CATAAGGTCGTT,1
GGTGTTTCCAGC,3
GTGACTTCAAAT,1
TTCCGTTTGAGT,1
CCTGTGATAAGG,3
CCTTCGCTGCCG,2
GGAGCTGTTAGA,2
CGCAGAGAAGCC,1
GTCACTTGATCA,4
TAACTTATGCCA,2
AAAGGGCCAAAG,1
TTAGCTTTGTAT,4
CTGCAGTAATAA,1
ACACCCAATATT,1
CGTATTCCAAGG,1
ACGTTCCGAGAA,4
CTACCCTTTGAA,4
GAATCGTTAAGG,1
GCCAACGAAATA,2
AATCTATGTCGC,4
AGGATAAGTTAT,1
TGTCAAGTTTAA,2
ACGCGCACCGGT,2
GGACTAATGCGT,4
AAGGCTTGCTGC,4
CGCTAAAATGCT,1
ACACTCTGTTGC,1
ATTGTTGACTAA,2
CCCCTCACAGTT,3
TAAGCTCTTAAG,2
GTTCATGCTACG,3
CGCTACGCTGTA,2
AGACCGCCATCA,4
CGCTCGGGTGAG,3
ATAATGGTTGTC,4
CTACTGCCCCCA,4
TTGCCGCGACAC,3
GAAGAGCCATGC,1
TTCGGGCTCTAC,4
CTCAGGCTGTTC,4
CGAAGCCAGGCA,4
CGTGTTACGCAC,4
GCCCTGACAACC,4
CTCGCCCGATGT,3
GCTCTAGCGCTG,4
GAGTTGCGAGTG,4
TTCCCTGGCGAG,3
GCCGTCACGATC,4
CCAGGGAGCCTT,3
ATAGGTGACATA,1
CCACCGATGCAT,1
ATCGGCCTGGTT,2
CACGCATGCGCA,4
CTTTGACGGGTA,4
CGCCCCGAGATT,2
TCACATGACAGC,2
GACCTCGGGGTT,4
ATTGCAAGCGCG,4
CATGAAACTTGT,4
GACGATATCCCG,4
ATATCAGCCAGA,1
CGGTCTCCGATG,2
CGCGCGGGGCTG,1
CTCTCAGGACTC,1
TAGATGGTCCGG,3
ACAATCCGTCTG,2
TCGCGAGGTGTC,1
CTGGACGGGCGC,1
CGCGCAACCGAA,2
GGTCATCAGACA,2
CCGATAAGAGCC,4
TGAGAGTGGACT,4
TTCGCGCTCGGA,4
CGGTATGGGTGC,2
GAGTACTAGAGT,1
TTAGGGCTTGGC,2
AGGAAGAAACCA,3
GCAATCATAGTG,1
ATAACCAAAAGA,3
GAGTAATTCTGT,4
CCACTCAACACC,4
TGTAGCAGCTGC,2
GGAGTTACCGAG,1
AGAAGTTAGACA,1
GCGTTATTCTTG,4
TCTAACTGCGAG,1
GGCGTGGTCATG,1
GGGTCAAAGCCA,2
CGGAACGAGTCA,2
CGGGTGGGATCC,2
CTAGCACAAATC,2
GTCCTCCTCCGC,4
TATTGTGGCTTT,2
TAGTCAGTCGTG,1
ACGACCTCGAAC,4
CAGACCCTGACA,1
AGCTAAACATTT,3
TTTTTTTGGTAG,2
GTCTTTCGGCCC,1
GAGTTGGGGATG,1
GTAATTGGTGGC,3
TGTTCGTGACTG,1
TGGAATCCGTAG,4
GCCCGGGGCAAC,4
GGGTCGATTGTT,2
TACTAACTTAAC,1
AATTTGGGAGCA,3
GACTTTCCGTAC,3
GGCTTCCCTTCG,2
GAGTGGGGCCCT,4
CAGCCCCAAGGC,4
CATATACATAAA,2
TACCGACAATAG,2
CACTGAAGGACC,1
AGTGAAGATGGC,4
CTTATCATAGTA,2
TTCGGTACAGTG,4
TCCCTATTATCG,1
CAGTGCACTTGC,2
GAATTGCCCGTA,1
AATCCCACTAAT,1
GGTAAGCGGTAC,1
TGACTAAGAGTC,2
GAGGGCCCTATG,3
GAAAGAACGAAG,1
TCACCTTGCTAT,4
ACGGCCTCCAAG,2
CGCGGTCGTCTC,2
ACCGTTGGGGCT,1
GTTCTATTCCGG,1
CGCTTCCGTAGC,2
GAGAGTCGACAA,2
GGCGCGTGAGCA,4
ACGGACAGTATT,4
TCCCAACTCAAG,1
CAGCGTCTGGTC,1
GGTGAACGTCTC,1
AATTTGTACATG,4
CCGGCGTGCCCG,4
GGGAGAACGATC,3
TGTTCATAGGAC,4
ATTAACACGGGG,1
ATCGTTGACTTC,2
CAAAAAGCCCAC,2
ACGGACGATTCA,3
ACGCAGGAAGCG,1
GCGAGGCCCTGA,1
CTTTTATAATGT,1
TAGCCCGGTCCC,4
TTCTAGCAGCCA,2
ACAGTTTAGAAA,1
GTTCCGCCACTC,4
AGTACCGATTGG,2
AGAAATACATTA,1
GGCCGCCCGGGG,1
TTCCCCTACAAC,1
TGTAATCATCTG,1
ACATAAATTAGT,2
ATAGTGCTCGCC,2
GTTCTTCCTAGT,1
ATCCGTTCAACG,1
CCGACTAAGAAT,3
AAGCCTGGGGGC,1
CAGCTGGTGATG,1
