,label
sci.RNA.C.007.CTCGGAGCAA,2
sci.RNA.B.044.GATTCCGGAA,0
sci.RNA.A.068.TTGCAGCATT,1
sci.RNA.B.044.GGATTCTATC,1
sci.RNA.C.037.GGCTCGAGAT,2
sci.RNA.C.064.CTGGTTGGTT,0
sci.RNA.B.055.TGAGACTCTA,2
sci.RNA.E.071.CTCGGAGCAA,2
sci.RNA.E.067.ACTCGACGCC,0
sci.RNA.E.037.CGTCTATGAA,1
sci.RNA.D.096.CGTATTGAGA,2
sci.RNA.D.049.TAGCCAGCAA,2
sci.RNA.D.064.CCATCGGACC,0
sci.RNA.C.059.AATCGAACTC,1
sci.RNA.E.038.TTCTCTACTA,1
sci.RNA.E.057.ACGGAGAATA,1
sci.RNA.D.041.GGCTGCCTTA,0
sci.RNA.A.015.AATCGAACTC,1
sci.RNA.A.073.GGCTCGAGAT,2
sci.RNA.C.027.TAGCCAGCAA,2
sci.RNA.C.062.CTCGGAGCAA,2
sci.RNA.D.002.GCGGAGTCGA,2
sci.RNA.A.091.TGAGACTCTA,2
sci.RNA.C.057.AATCGAACTC,1
sci.RNA.C.059.ATTAACTTAA,2
sci.RNA.E.092.ACTGGTAGAT,0
sci.RNA.B.061.ACGTTGAATG,0
sci.RNA.A.044.ACGCGCTCCT,0
sci.RNA.B.042.ACGATAGACT,2
sci.RNA.C.081.ACTCGACGCC,0
sci.RNA.E.028.GCGGTTATTG,0
sci.RNA.E.071.CTGGTTGGTT,0
sci.RNA.A.056.CTATTAACCA,1
sci.RNA.D.049.TGAGACTCTA,2
sci.RNA.D.053.TTCTATAGAG,1
sci.RNA.A.026.CTTCATTAGA,0
sci.RNA.E.037.ACTGGTAGAT,0
sci.RNA.A.036.CGTCTATGAA,1
sci.RNA.B.057.TCTATCGGTA,2
sci.RNA.B.061.CCATCGGACC,0
sci.RNA.B.043.ACGTTGAATG,0
sci.RNA.C.004.ATATGCCATC,2
sci.RNA.E.077.ATATGCCATC,2
sci.RNA.C.062.CGTCTATGAA,1
sci.RNA.E.062.ACTCGACGCC,0
sci.RNA.B.058.AAGCATCCTA,0
sci.RNA.E.086.TAGAATAGCC,1
sci.RNA.B.023.ACGTTGAATG,0
sci.RNA.D.094.TCTATCGGTA,2
sci.RNA.C.094.GGCTCGAGAT,2
sci.RNA.D.086.GCGGAGTCGA,2
sci.RNA.B.018.AATCGAACTC,1
sci.RNA.C.055.AAGTACGTTA,2
sci.RNA.D.084.GGCTATTCGA,2
sci.RNA.B.039.CTATTAACCA,1
sci.RNA.A.022.TGAGACTCTA,2
sci.RNA.A.004.GCGGCCAATC,2
sci.RNA.A.026.CCTAAGCGGT,0
sci.RNA.C.088.TGAGACTCTA,2
sci.RNA.E.049.ACGGAGAATA,1
sci.RNA.B.057.ATTAACTTAA,2
sci.RNA.B.052.TCTCTCATCC,0
sci.RNA.D.061.ACGATAGACT,2
sci.RNA.E.076.TTGATATGAA,0
sci.RNA.C.028.AATCGAACTC,1
sci.RNA.B.036.GGCGGTTGAC,2
sci.RNA.D.094.TGAGACTCTA,2
sci.RNA.B.052.CCGCGCAGGT,1
sci.RNA.A.083.TGAGACTCTA,2
sci.RNA.A.088.GGCATCTACC,1
sci.RNA.A.044.AATCGAACTC,1
sci.RNA.E.084.GGCTGCCTTA,0
sci.RNA.C.085.TAGCCAGCAA,2
sci.RNA.E.009.TTGATATGAA,0
sci.RNA.B.062.ATCCATCAGG,2
sci.RNA.C.004.GGCTTCTGGA,1
sci.RNA.C.035.ATCTAGGTTC,0
sci.RNA.D.055.ACTGGTAGAT,0
sci.RNA.E.071.CTTCATTAGA,0
sci.RNA.A.090.ACCAGTATAA,2
sci.RNA.D.083.CCATCGGACC,0
sci.RNA.D.072.ACGGAGAATA,1
sci.RNA.A.078.TCTCTCATCC,0
sci.RNA.B.048.CTATTAACCA,1
sci.RNA.C.020.GGCTCGAGAT,2
sci.RNA.B.011.AAGTACGTTA,2
sci.RNA.A.021.CGTCTATGAA,1
sci.RNA.E.017.TTGATATGAA,0
sci.RNA.A.083.GCGGCCAATC,2
sci.RNA.C.022.GGCTGCCTTA,0
sci.RNA.D.055.CGTATTGAGA,2
sci.RNA.B.055.CGTCTATGAA,1
sci.RNA.A.002.AAGTACGTTA,2
sci.RNA.B.003.AAGCATCCTA,0
sci.RNA.E.044.GGCATCTACC,1
sci.RNA.B.055.TCTATCGGTA,2
sci.RNA.A.060.GGCGGTTGAC,2
sci.RNA.E.041.CCAGGCTCTT,1
sci.RNA.C.001.TCCGCCGGTC,2
sci.RNA.E.031.GGCTGCCTTA,0
sci.RNA.E.070.CCATCGGACC,0
sci.RNA.E.061.GCGGTTATTG,0
sci.RNA.D.055.AATCCGGTCA,1
sci.RNA.C.060.CTGAAGAGAC,1
sci.RNA.D.032.TAGAATAGCC,1
sci.RNA.A.070.TTCGCTGCCT,1
sci.RNA.E.046.CGTATTGAGA,2
sci.RNA.B.054.TCTCTCATCC,0
sci.RNA.E.078.TGAGACTCTA,2
sci.RNA.D.020.GGCTATTCGA,2
sci.RNA.B.050.CTATTAACCA,1
sci.RNA.E.010.ATATGCCATC,2
sci.RNA.D.001.TTGATATGAA,0
sci.RNA.C.067.AATCGAACTC,1
sci.RNA.C.084.TAGCCAGCAA,2
sci.RNA.D.019.GGCTCGAGAT,2
sci.RNA.C.025.GGCGGTTGAC,2
sci.RNA.E.054.TGAGACTCTA,2
sci.RNA.C.016.TCTAGTCAAG,1
sci.RNA.E.045.GGACGACGCA,1
sci.RNA.A.013.ACGCGCTCCT,0
sci.RNA.B.039.TCTATCGGTA,2
sci.RNA.A.021.ACTGGTAGAT,0
sci.RNA.A.039.AATCCGGTCA,1
sci.RNA.E.041.ATATGCCATC,2
sci.RNA.C.034.CCTATCATAA,1
sci.RNA.A.088.CTGGTTGGTT,0
sci.RNA.A.051.GATTCCGGAA,0
sci.RNA.B.036.AATCCGGTCA,1
sci.RNA.E.015.ACTGGTAGAT,0
sci.RNA.B.027.AAGCATCCTA,0
sci.RNA.D.091.TGAGACTCTA,2
sci.RNA.C.029.ATTAACTTAA,2
sci.RNA.C.071.TCCTCTCCGT,2
sci.RNA.A.079.TCTCTCATCC,0
sci.RNA.E.092.TGAGACTCTA,2
sci.RNA.E.083.GGACGACGCA,1
sci.RNA.C.044.CGTATTGAGA,2
sci.RNA.D.073.CTCGGAGCAA,2
sci.RNA.C.085.TTCTATAGAG,1
sci.RNA.B.032.TAGCCAGCAA,2
sci.RNA.A.078.GGCTGCCTTA,0
sci.RNA.A.093.TCTCTCATCC,0
sci.RNA.B.064.GCGGCCAATC,2
sci.RNA.E.065.CCTAAGCGGT,0
sci.RNA.E.027.ATTAACTTAA,2
sci.RNA.E.046.TTCTCTACTA,1
sci.RNA.B.017.ACTGGTAGAT,0
sci.RNA.D.028.ACTCGACGCC,0
sci.RNA.E.039.CCGCGCAGGT,1
sci.RNA.A.039.CGTCTATGAA,1
sci.RNA.B.058.CTTCATTAGA,0
sci.RNA.E.026.AAGTACGTTA,2
sci.RNA.A.059.GCGGTTATTG,0
sci.RNA.C.032.TCTATCGGTA,2
sci.RNA.D.027.GGCTTCTGGA,1
sci.RNA.A.052.TCTCTCATCC,0
sci.RNA.B.021.CCAGGCTCTT,1
sci.RNA.C.060.ACGGAGAATA,1
sci.RNA.C.005.AATCCGGTCA,1
sci.RNA.C.012.CCTAAGCGGT,0
sci.RNA.E.049.TCCGCCGGTC,2
sci.RNA.A.019.TTCGCTGCCT,1
sci.RNA.A.044.CCTAAGCGGT,0
sci.RNA.C.053.ACTGGTAGAT,0
sci.RNA.D.050.GGCTTCTGGA,1
sci.RNA.D.031.TAGCCAGCAA,2
sci.RNA.A.086.TAGCCAGCAA,2
sci.RNA.D.066.GCGGAGTCGA,2
sci.RNA.C.086.CCATCGGACC,0
sci.RNA.A.095.TCCGCCGGTC,2
sci.RNA.A.053.AAGCATCCTA,0
sci.RNA.B.064.TCTATCGGTA,2
sci.RNA.E.075.TAGCCAGCAA,2
sci.RNA.C.096.GGATTCTATC,1
sci.RNA.E.015.ACTCGACGCC,0
sci.RNA.C.074.CCAGGCTCTT,1
sci.RNA.B.062.ACGGAGAATA,1
sci.RNA.E.041.GGCTATTCGA,2
sci.RNA.E.092.ATTAACTTAA,2
sci.RNA.C.016.CGTATTGAGA,2
sci.RNA.C.038.CCTAAGCGGT,0
sci.RNA.C.084.ACGCGCTCCT,0
sci.RNA.C.017.TTGCAGCATT,1
sci.RNA.A.010.TCTCTCATCC,0
sci.RNA.A.061.AATCGAACTC,1
sci.RNA.A.060.CTATTAACCA,1
sci.RNA.E.002.TTGCAGCATT,1
sci.RNA.B.049.ACTGGTAGAT,0
sci.RNA.C.007.GGCTATTCGA,2
sci.RNA.E.015.TAGCCAGCAA,2
sci.RNA.E.019.GGCTGCCTTA,0
sci.RNA.D.024.TTCTCTACTA,1
sci.RNA.D.044.GCGGAGTCGA,2
sci.RNA.E.058.GGCTGCCTTA,0
sci.RNA.B.005.GGCTCGAGAT,2
sci.RNA.C.086.AATCGAACTC,1
sci.RNA.C.002.CCATCGGACC,0
sci.RNA.C.067.TTGCAGCATT,1
sci.RNA.E.061.ACGATAGACT,2
sci.RNA.E.017.GGCTTCTGGA,1
sci.RNA.C.008.TGAGACTCTA,2
sci.RNA.D.045.GGCGGTTGAC,2
sci.RNA.B.062.CGTATTGAGA,2
sci.RNA.E.053.CTGGTTGGTT,0
sci.RNA.C.031.TTCTATAGAG,1
sci.RNA.E.088.CTATTAACCA,1
sci.RNA.D.016.CTGGTTGGTT,0
sci.RNA.C.012.GGCTATTCGA,2
sci.RNA.C.073.TCTCTCATCC,0
sci.RNA.E.045.ACTCGACGCC,0
sci.RNA.A.047.CCTAAGCGGT,0
sci.RNA.D.046.CGAATCTCCT,2
sci.RNA.D.014.CCTATCATAA,1
sci.RNA.B.047.TGAGACTCTA,2
sci.RNA.D.008.CGTATTGAGA,2
sci.RNA.A.032.ACGGAGAATA,1
sci.RNA.C.041.CGTCTATGAA,1
sci.RNA.D.015.ATATGCCATC,2
sci.RNA.B.049.GCGGAGTCGA,2
sci.RNA.C.058.TTCTCTACTA,1
sci.RNA.E.044.TCTATCGGTA,2
sci.RNA.C.045.TTGATATGAA,0
sci.RNA.A.030.CTATTAACCA,1
sci.RNA.C.093.AATCCGGTCA,1
sci.RNA.A.010.GGACGACGCA,1
sci.RNA.C.021.TAGAATAGCC,1
sci.RNA.A.041.GGCTGCCTTA,0
sci.RNA.E.080.CCAGGCTCTT,1
sci.RNA.D.014.TCCGCCGGTC,2
sci.RNA.A.018.ACGTTGAATG,0
sci.RNA.C.069.GGCTCGAGAT,2
sci.RNA.C.020.CCATCGGACC,0
sci.RNA.E.071.ATATGCCATC,2
sci.RNA.E.022.TCTAGTCAAG,1
sci.RNA.C.004.TCTAGTCAAG,1
sci.RNA.D.004.ACTCGACGCC,0
sci.RNA.E.020.CTCGGAGCAA,2
sci.RNA.B.043.CTTCATTAGA,0
sci.RNA.E.036.GGCGGTTGAC,2
sci.RNA.A.004.ACTGGTAGAT,0
sci.RNA.C.003.GGCTATTCGA,2
sci.RNA.B.029.TTCTATAGAG,1
sci.RNA.C.069.TCTATCGGTA,2
sci.RNA.A.045.GATCCAGCGT,2
sci.RNA.E.024.CCTGAGAGCA,1
sci.RNA.A.058.CGTCTATGAA,1
sci.RNA.E.060.TCTATCGGTA,2
sci.RNA.D.038.TCTAGTCAAG,1
sci.RNA.E.016.CTGAAGAGAC,1
sci.RNA.C.024.GGATTCTATC,1
sci.RNA.E.053.CTCGGAGCAA,2
sci.RNA.D.068.TTCTATAGAG,1
sci.RNA.C.013.CCTAAGCGGT,0
sci.RNA.D.087.GGCTATTCGA,2
sci.RNA.A.080.ACTGGTAGAT,0
sci.RNA.E.001.TTCTCTACTA,1
sci.RNA.A.020.GCGGTTATTG,0
sci.RNA.E.002.GGCTCGAGAT,2
sci.RNA.B.020.GCGGTTATTG,0
sci.RNA.A.045.ATATGCCATC,2
sci.RNA.A.021.GTAGATGCGC,1
sci.RNA.E.082.GGACGACGCA,1
sci.RNA.E.064.GACCAATGCG,0
sci.RNA.B.062.CTATTAACCA,1
sci.RNA.E.084.GCGGAGTCGA,2
sci.RNA.E.080.ACGATAGACT,2
sci.RNA.E.073.ATCTAGGTTC,0
sci.RNA.E.069.GGACGACGCA,1
sci.RNA.B.015.TCTATCGGTA,2
sci.RNA.D.010.CCTATCATAA,1
sci.RNA.C.025.CTTCATTAGA,0
sci.RNA.A.035.TTCGCTGCCT,1
sci.RNA.C.065.GCGGCCAATC,2
sci.RNA.A.028.ACGATAGACT,2
sci.RNA.D.010.GGATTCTATC,1
sci.RNA.D.049.CCATCGGACC,0
sci.RNA.B.026.TTGCAGCATT,1
sci.RNA.B.043.GCGGCCAATC,2
sci.RNA.E.001.GATTCCGGAA,0
sci.RNA.A.008.CGTATTGAGA,2
sci.RNA.A.083.CGTCTATGAA,1
sci.RNA.A.062.GCGGTTATTG,0
sci.RNA.E.028.GGCGGTTGAC,2
sci.RNA.D.067.GGCTTCTGGA,1
sci.RNA.E.048.CTCGGAGCAA,2
sci.RNA.C.006.TTGCAGCATT,1
sci.RNA.D.013.TAGCCAGCAA,2
sci.RNA.B.020.ACTCGACGCC,0
sci.RNA.A.069.CCTGAGAGCA,1
sci.RNA.A.036.AGGTAGAGCT,1
sci.RNA.D.014.AGGTAGAGCT,1
sci.RNA.C.024.CTCGGAGCAA,2
sci.RNA.A.076.TCTATCGGTA,2
sci.RNA.D.074.AGGTAGAGCT,1
sci.RNA.E.089.CGTATTGAGA,2
sci.RNA.C.072.CCAGGCTCTT,1
sci.RNA.D.092.AAGTACGTTA,2
sci.RNA.E.082.TAGCCAGCAA,2
sci.RNA.D.032.ATATGCCATC,2
sci.RNA.A.093.CTTCATTAGA,0
sci.RNA.E.088.GGCTATTCGA,2
sci.RNA.A.034.ACGTTGAATG,0
sci.RNA.E.029.CCTATCATAA,1
sci.RNA.A.048.AATCCGGTCA,1
sci.RNA.C.053.GGCTCGAGAT,2
sci.RNA.C.076.CGTCTATGAA,1
sci.RNA.A.027.GGCTGCCTTA,0
sci.RNA.E.037.ACTCGACGCC,0
sci.RNA.E.027.GGCTCGAGAT,2
sci.RNA.C.040.GGATTCTATC,1
sci.RNA.A.005.TCTATCGGTA,2
sci.RNA.D.045.CTGGTTGGTT,0
sci.RNA.C.057.GGATTCTATC,1
sci.RNA.D.024.ACGCGCTCCT,0
sci.RNA.C.002.TCCGCCGGTC,2
sci.RNA.D.083.CGAATCTCCT,2
sci.RNA.B.033.CTATTAACCA,1
sci.RNA.B.020.CGTCTATGAA,1
sci.RNA.A.008.ACTGGTAGAT,0
sci.RNA.D.072.TGAGACTCTA,2
sci.RNA.E.069.TCCGCCGGTC,2
sci.RNA.A.019.TGAGACTCTA,2
sci.RNA.E.058.TCTATCGGTA,2
sci.RNA.B.023.TCTATCGGTA,2
sci.RNA.D.019.ACGATAGACT,2
sci.RNA.C.043.TCTATCGGTA,2
sci.RNA.A.031.AAGTACGTTA,2
sci.RNA.A.030.CTGGTTGGTT,0
sci.RNA.A.016.TCTATCGGTA,2
sci.RNA.E.050.AAGCATCCTA,0
sci.RNA.C.036.GGCGGTTGAC,2
sci.RNA.E.024.AATCCGGTCA,1
sci.RNA.C.068.TAGCCAGCAA,2
sci.RNA.C.086.CTGGTTGGTT,0
sci.RNA.A.068.GATTCCGGAA,0
sci.RNA.B.033.ACTGGTAGAT,0
sci.RNA.C.014.AAGTACGTTA,2
sci.RNA.A.082.TTCTCTACTA,1
sci.RNA.A.089.CGTATTGAGA,2
sci.RNA.B.054.AATCGAACTC,1
sci.RNA.E.073.GGCTATTCGA,2
sci.RNA.E.049.GGACGACGCA,1
sci.RNA.E.015.TTCTCTACTA,1
sci.RNA.D.011.GCGGAGTCGA,2
sci.RNA.D.078.TAGCCAGCAA,2
sci.RNA.E.059.ATCTAGGTTC,0
sci.RNA.D.025.CGTCTATGAA,1
sci.RNA.E.095.GGCATCTACC,1
sci.RNA.D.050.ATATGCCATC,2
sci.RNA.A.077.GGCTATTCGA,2
sci.RNA.A.040.CTCGGAGCAA,2
sci.RNA.E.057.AATCGAACTC,1
sci.RNA.A.059.CCTAAGCGGT,0
sci.RNA.C.025.TCTAGTCAAG,1
sci.RNA.C.062.CGTATTGAGA,2
sci.RNA.A.061.ACGGAGAATA,1
sci.RNA.A.038.TCTATCGGTA,2
sci.RNA.D.054.GGCTATTCGA,2
sci.RNA.D.085.CCAGGCTCTT,1
sci.RNA.A.093.GGCTTCTGGA,1
sci.RNA.C.063.ATATGCCATC,2
sci.RNA.A.025.GGCTATTCGA,2
sci.RNA.A.047.TGAGACTCTA,2
sci.RNA.D.058.CTCGGAGCAA,2
sci.RNA.D.008.GGCTATTCGA,2
sci.RNA.C.036.ACGTTGAATG,0
sci.RNA.E.019.TGAGACTCTA,2
sci.RNA.D.089.CTCGGAGCAA,2
sci.RNA.E.081.TCTCTCATCC,0
sci.RNA.A.074.ATATGCCATC,2
sci.RNA.A.013.ACGGAGAATA,1
sci.RNA.C.095.TTCTATAGAG,1
sci.RNA.A.021.CCATCGGACC,0
sci.RNA.B.024.CCATCGGACC,0
sci.RNA.E.078.AAGTACGTTA,2
sci.RNA.B.049.TCTATCGGTA,2
sci.RNA.D.096.TTCTCTACTA,1
sci.RNA.E.090.AATCGAACTC,1
sci.RNA.B.013.TTGCAGCATT,1
sci.RNA.A.077.CCATCGGACC,0
sci.RNA.A.027.ACGTTGAATG,0
sci.RNA.B.055.AAGCATCCTA,0
sci.RNA.E.045.CGTATTGAGA,2
sci.RNA.D.022.GGCGGTTGAC,2
sci.RNA.E.094.GTAGATGCGC,1
sci.RNA.C.072.AAGCATCCTA,0
sci.RNA.C.027.AAGTACGTTA,2
sci.RNA.C.087.GGCATCTACC,1
sci.RNA.C.039.CGTATTGAGA,2
sci.RNA.A.084.CGTATTGAGA,2
sci.RNA.C.065.GGCTATTCGA,2
sci.RNA.E.095.CTGAAGAGAC,1
sci.RNA.A.007.GGCTATTCGA,2
sci.RNA.D.019.CTCGGAGCAA,2
sci.RNA.C.051.CGTCTATGAA,1
sci.RNA.D.065.TTCTCTACTA,1
sci.RNA.A.085.GCGGCCAATC,2
sci.RNA.B.042.GGCTGCCTTA,0
sci.RNA.A.087.ACGGAGAATA,1
sci.RNA.E.018.TTGATATGAA,0
sci.RNA.E.073.TTGCAGCATT,1
sci.RNA.E.043.GGCTTCTGGA,1
sci.RNA.D.051.TAGCCAGCAA,2
sci.RNA.A.076.TGAGACTCTA,2
sci.RNA.C.021.GGCTCGAGAT,2
sci.RNA.A.057.AATCGAACTC,1
sci.RNA.B.044.TTCGCTGCCT,1
sci.RNA.E.087.GGACGACGCA,1
sci.RNA.C.088.GGACGACGCA,1
sci.RNA.C.076.CTGAAGAGAC,1
sci.RNA.A.073.ATATGCCATC,2
sci.RNA.A.028.AGCGATCCGC,1
sci.RNA.E.057.TCTAGTCAAG,1
sci.RNA.C.083.CGTCTATGAA,1
sci.RNA.E.026.GGCTCGAGAT,2
sci.RNA.C.064.GGCGGTTGAC,2
sci.RNA.D.050.GGCATCTACC,1
sci.RNA.A.011.AGCGATCCGC,1
sci.RNA.E.034.ATATGCCATC,2
sci.RNA.D.066.ACGTTGAATG,0
sci.RNA.D.040.GCGGCCAATC,2
sci.RNA.E.044.ACGCTTCTCT,2
sci.RNA.C.069.CTCGGAGCAA,2
sci.RNA.E.014.GGACGACGCA,1
sci.RNA.A.062.TTCTCTACTA,1
sci.RNA.C.040.GATTCCGGAA,0
sci.RNA.C.035.GGCTCGAGAT,2
sci.RNA.D.089.TGAGACTCTA,2
sci.RNA.C.004.GCGGTTATTG,0
sci.RNA.D.082.TAGCCAGCAA,2
sci.RNA.D.010.GGCATCTACC,1
sci.RNA.A.082.CCAGGCTCTT,1
sci.RNA.D.029.TAGCCAGCAA,2
sci.RNA.A.075.CTTCATTAGA,0
sci.RNA.C.033.TAGAATAGCC,1
sci.RNA.D.091.TTGCAGCATT,1
sci.RNA.A.004.CCTAAGCGGT,0
sci.RNA.A.004.TCCGCCGGTC,2
sci.RNA.A.090.GGCTATTCGA,2
sci.RNA.C.069.AATCCGGTCA,1
sci.RNA.D.030.GGCGGTTGAC,2
sci.RNA.C.013.TTCGCTGCCT,1
sci.RNA.B.050.GACCAATGCG,0
sci.RNA.C.052.ACTCGACGCC,0
sci.RNA.D.029.TTCGCTGCCT,1
sci.RNA.E.048.ATATGCCATC,2
sci.RNA.C.061.GGCTTCTGGA,1
sci.RNA.C.091.ACTGGTAGAT,0
sci.RNA.D.027.CCAGGCTCTT,1
sci.RNA.D.075.GCGGCCAATC,2
sci.RNA.B.041.CTGGTTGGTT,0
sci.RNA.C.070.TGAGACTCTA,2
sci.RNA.A.095.GCGGAGTCGA,2
sci.RNA.E.091.TCCTCTCCGT,2
sci.RNA.A.042.GGATTCTATC,1
sci.RNA.A.086.CGAATCTCCT,2
sci.RNA.D.060.ACGATAGACT,2
sci.RNA.E.044.TTCTCTACTA,1
sci.RNA.E.066.CCTATCATAA,1
sci.RNA.E.064.GCGGAGTCGA,2
sci.RNA.E.066.CTCGGAGCAA,2
sci.RNA.A.017.TCTATCGGTA,2
sci.RNA.B.026.ACGTTGAATG,0
sci.RNA.C.035.CCAGGCTCTT,1
sci.RNA.C.035.TCCGCCGGTC,2
sci.RNA.D.022.AATCGAACTC,1
sci.RNA.D.095.CCAGGCTCTT,1
sci.RNA.C.029.ACGTTGAATG,0
sci.RNA.A.023.AATCGAACTC,1
sci.RNA.E.044.CGTCTATGAA,1
sci.RNA.C.063.AAGTACGTTA,2
sci.RNA.B.048.GGCTCGAGAT,2
sci.RNA.E.034.TCCGCCGGTC,2
sci.RNA.B.027.ACGATAGACT,2
sci.RNA.E.034.ACTCGACGCC,0
sci.RNA.D.038.TAGCCAGCAA,2
sci.RNA.A.034.TCTATCGGTA,2
sci.RNA.E.024.TCCGCCGGTC,2
sci.RNA.D.084.GGCATCTACC,1
sci.RNA.D.078.CTGAAGAGAC,1
sci.RNA.C.016.GGCTTCTGGA,1
sci.RNA.A.093.CCTATCATAA,1
sci.RNA.A.011.TCTCTCATCC,0
sci.RNA.C.092.TTGCAGCATT,1
sci.RNA.A.063.CCAGGCTCTT,1
sci.RNA.E.038.CTATTAACCA,1
sci.RNA.B.005.GGCTATTCGA,2
sci.RNA.D.009.TCCGCCGGTC,2
sci.RNA.E.063.CCAGGCTCTT,1
sci.RNA.A.064.TTCTATAGAG,1
sci.RNA.B.002.GCGGTTATTG,0
sci.RNA.D.011.TCTAGTCAAG,1
sci.RNA.D.028.CGAATCTCCT,2
sci.RNA.D.093.TGAGACTCTA,2
sci.RNA.A.070.CGTCTATGAA,1
sci.RNA.C.018.TTCTCTACTA,1
sci.RNA.C.005.TCTATCGGTA,2
sci.RNA.E.092.TCTAGTCAAG,1
sci.RNA.C.075.ACGATAGACT,2
sci.RNA.C.068.CCTATCATAA,1
sci.RNA.E.016.GGCGGTTGAC,2
sci.RNA.E.066.ACTGGTAGAT,0
sci.RNA.C.091.GGCTCGAGAT,2
sci.RNA.D.064.ACGATAGACT,2
sci.RNA.B.034.GGACGACGCA,1
sci.RNA.C.060.CGTCTATGAA,1
sci.RNA.A.007.CGTATTGAGA,2
sci.RNA.D.042.TCTCTCATCC,0
sci.RNA.E.036.TCCTCTCCGT,2
sci.RNA.E.045.CTCGGAGCAA,2
sci.RNA.E.093.AATCGAACTC,1
sci.RNA.B.049.TTCTCTACTA,1
sci.RNA.D.009.CTCGGAGCAA,2
sci.RNA.C.074.TTCTCTACTA,1
sci.RNA.A.008.GGATTCTATC,1
sci.RNA.C.003.GGCTTCTGGA,1
sci.RNA.D.071.AAGTACGTTA,2
sci.RNA.E.050.GTAGATGCGC,1
sci.RNA.D.021.GGCTGCCTTA,0
sci.RNA.D.037.AGCGATCCGC,1
sci.RNA.B.004.TTGATATGAA,0
sci.RNA.E.035.GGCTCGAGAT,2
sci.RNA.B.061.GGCTATTCGA,2
sci.RNA.E.027.TAGCCAGCAA,2
sci.RNA.D.050.AAGTACGTTA,2
sci.RNA.C.094.GGCTATTCGA,2
sci.RNA.E.006.CTGAAGAGAC,1
sci.RNA.D.084.TTCTATAGAG,1
sci.RNA.B.032.TTCTATAGAG,1
sci.RNA.C.096.AATCCGGTCA,1
sci.RNA.C.021.ACGGAGAATA,1
sci.RNA.E.028.GCGGAGTCGA,2
sci.RNA.E.011.GGACGACGCA,1
sci.RNA.C.026.TCTATCGGTA,2
sci.RNA.A.069.AATCCGGTCA,1
sci.RNA.C.064.TCTAGTCAAG,1
sci.RNA.E.004.CGAATCTCCT,2
sci.RNA.D.044.TAGAATAGCC,1
sci.RNA.E.054.TAGCCAGCAA,2
sci.RNA.D.049.TTCTATAGAG,1
sci.RNA.A.035.GGACGACGCA,1
sci.RNA.D.036.ATCTAGGTTC,0
sci.RNA.E.049.TGAGACTCTA,2
sci.RNA.A.005.CTGGTTGGTT,0
sci.RNA.A.006.TCTATCGGTA,2
sci.RNA.D.013.ACGATAGACT,2
sci.RNA.C.011.ACGGAGAATA,1
sci.RNA.D.028.CGTATTGAGA,2
sci.RNA.E.051.CTGAAGAGAC,1
sci.RNA.B.004.TAGCCAGCAA,2
sci.RNA.B.009.CTCGGAGCAA,2
sci.RNA.A.013.ATATGCCATC,2
sci.RNA.D.002.GGCTGCCTTA,0
sci.RNA.B.037.ACGGAGAATA,1
sci.RNA.B.057.GGCTCGAGAT,2
sci.RNA.A.048.CCAGGCTCTT,1
sci.RNA.E.088.CTGGTTGGTT,0
sci.RNA.E.093.CTTCATTAGA,0
sci.RNA.A.085.TTCTATAGAG,1
sci.RNA.C.062.ATCTAGGTTC,0
sci.RNA.D.005.ACGATAGACT,2
sci.RNA.A.087.AGCGATCCGC,1
sci.RNA.D.085.GCGGCCAATC,2
sci.RNA.C.004.CCTATCATAA,1
sci.RNA.B.064.ATATGCCATC,2
sci.RNA.E.084.TCTAGTCAAG,1
sci.RNA.A.044.CGTCTATGAA,1
sci.RNA.D.064.ACTCTACTGG,1
sci.RNA.C.040.ACGCGCTCCT,0
sci.RNA.C.081.TAGCCAGCAA,2
sci.RNA.C.015.CTATTAACCA,1
sci.RNA.C.083.AATCCGGTCA,1
sci.RNA.E.046.TCCTCTCCGT,2
sci.RNA.A.009.TTCTATAGAG,1
sci.RNA.E.087.GGATTCTATC,1
sci.RNA.A.029.TAGCCAGCAA,2
sci.RNA.B.057.GGCTATTCGA,2
sci.RNA.D.055.CGTCTATGAA,1
sci.RNA.D.065.AGGTAGAGCT,1
sci.RNA.E.080.CCTAAGCGGT,0
sci.RNA.A.085.ACGCGCTCCT,0
sci.RNA.E.069.CGTATTGAGA,2
sci.RNA.A.019.GGCTGCCTTA,0
sci.RNA.E.008.ACGGAGAATA,1
sci.RNA.D.004.GACCAATGCG,0
sci.RNA.A.052.TGAGACTCTA,2
sci.RNA.A.085.AGCGATCCGC,1
sci.RNA.C.095.ACGCGCTCCT,0
sci.RNA.A.016.GCGGTTATTG,0
sci.RNA.D.092.GCGGTTATTG,0
sci.RNA.D.006.TTGCAGCATT,1
sci.RNA.D.058.CCATCGGACC,0
sci.RNA.C.070.AATCGAACTC,1
sci.RNA.E.037.CCAGGCTCTT,1
sci.RNA.C.070.GCGGTTATTG,0
sci.RNA.A.033.CGTATTGAGA,2
sci.RNA.A.037.CTCGGAGCAA,2
sci.RNA.E.046.CTCGGAGCAA,2
sci.RNA.C.057.AAGTACGTTA,2
sci.RNA.D.005.GGCTTCTGGA,1
sci.RNA.C.090.CGTATTGAGA,2
sci.RNA.B.001.ACGATAGACT,2
sci.RNA.D.024.CCAGGCTCTT,1
sci.RNA.D.091.ACGCGCTCCT,0
sci.RNA.E.072.CTTCATTAGA,0
sci.RNA.A.006.AAGCATCCTA,0
sci.RNA.B.043.CGTCTATGAA,1
sci.RNA.B.020.GTAGATGCGC,1
sci.RNA.C.038.GCGGTTATTG,0
sci.RNA.E.073.CCAGGCTCTT,1
sci.RNA.C.076.ACTCGACGCC,0
sci.RNA.C.045.CCTAAGCGGT,0
sci.RNA.A.093.GATTCCGGAA,0
sci.RNA.A.033.TAGCCAGCAA,2
sci.RNA.E.064.ATATGCCATC,2
sci.RNA.B.011.TAGAATAGCC,1
sci.RNA.D.040.AAGTACGTTA,2
sci.RNA.D.052.TTGATATGAA,0
sci.RNA.E.082.AGGTAGAGCT,1
sci.RNA.E.053.GCGGCCAATC,2
sci.RNA.E.022.GGCTATTCGA,2
sci.RNA.E.094.CGAATCTCCT,2
sci.RNA.B.017.CCTAAGCGGT,0
sci.RNA.C.078.GGCTATTCGA,2
sci.RNA.D.089.CGTCTATGAA,1
sci.RNA.E.068.GGCATCTACC,1
sci.RNA.B.004.GGATTCTATC,1
sci.RNA.B.006.TCTATCGGTA,2
sci.RNA.B.047.TTGATATGAA,0
sci.RNA.B.052.GGCATCTACC,1
sci.RNA.C.031.TAGCCAGCAA,2
sci.RNA.C.080.GATTCCGGAA,0
sci.RNA.E.019.TAGCCAGCAA,2
sci.RNA.D.015.TTGCAGCATT,1
sci.RNA.A.077.GCGGTTATTG,0
sci.RNA.E.020.CGTATTGAGA,2
sci.RNA.D.069.AGCGATCCGC,1
sci.RNA.C.050.GGCATCTACC,1
sci.RNA.B.062.TTGCAGCATT,1
sci.RNA.E.051.AGCGATCCGC,1
sci.RNA.A.007.CCTATCATAA,1
sci.RNA.D.027.TGAGACTCTA,2
sci.RNA.A.025.ATATGCCATC,2
sci.RNA.D.089.GGATTCTATC,1
sci.RNA.E.038.ACGGAGAATA,1
sci.RNA.C.063.TTCTCTACTA,1
sci.RNA.B.042.GGCTATTCGA,2
sci.RNA.A.094.GTAGATGCGC,1
sci.RNA.C.061.CTGAAGAGAC,1
sci.RNA.D.035.CCAGGCTCTT,1
sci.RNA.E.031.ACGCGCTCCT,0
sci.RNA.C.093.AGCGATCCGC,1
sci.RNA.B.044.CGTCTATGAA,1
sci.RNA.B.052.ACTCGACGCC,0
sci.RNA.A.093.TAGCCAGCAA,2
sci.RNA.C.077.AAGTACGTTA,2
sci.RNA.C.069.GATCCAGCGT,2
sci.RNA.E.029.TAGCCAGCAA,2
sci.RNA.A.091.ACTCGACGCC,0
sci.RNA.E.030.TCTATCGGTA,2
sci.RNA.B.041.GGCTCGAGAT,2
sci.RNA.B.020.TTCGCTGCCT,1
sci.RNA.A.083.TTCGCTGCCT,1
sci.RNA.D.050.TTGCAGCATT,1
sci.RNA.D.072.ACTCGACGCC,0
sci.RNA.A.048.TTCTCTACTA,1
sci.RNA.C.032.GCGGTTATTG,0
sci.RNA.E.083.GGCTGCCTTA,0
sci.RNA.E.011.GCGGAGTCGA,2
sci.RNA.C.021.TTCGCTGCCT,1
sci.RNA.E.001.GGCTTCTGGA,1
sci.RNA.E.068.TTGCAGCATT,1
sci.RNA.C.061.ACGATAGACT,2
sci.RNA.A.018.ACTCGACGCC,0
sci.RNA.B.012.AATCGAACTC,1
sci.RNA.D.016.TTGATATGAA,0
sci.RNA.A.076.AGGTAGAGCT,1
sci.RNA.E.060.CTGAAGAGAC,1
sci.RNA.E.061.AAGCATCCTA,0
sci.RNA.E.048.TAGCCAGCAA,2
sci.RNA.E.042.ACGGAGAATA,1
sci.RNA.E.062.GCGGAGTCGA,2
sci.RNA.B.016.TTGATATGAA,0
sci.RNA.D.056.GGATTCTATC,1
sci.RNA.D.016.CTATTAACCA,1
sci.RNA.A.086.CTTCATTAGA,0
sci.RNA.A.081.ACGCGCTCCT,0
sci.RNA.B.002.GGCATCTACC,1
sci.RNA.C.044.TCTCTCATCC,0
sci.RNA.D.021.GGCATCTACC,1
sci.RNA.E.028.GATCCAGCGT,2
sci.RNA.B.019.ACGGAGAATA,1
sci.RNA.D.061.TCTATCGGTA,2
sci.RNA.B.015.GGCTATTCGA,2
sci.RNA.A.029.AGGTAGAGCT,1
sci.RNA.C.017.AATCGAACTC,1
sci.RNA.E.009.GATCCAGCGT,2
sci.RNA.B.041.GCGGTTATTG,0
sci.RNA.E.037.ACGATAGACT,2
sci.RNA.A.002.TTCGCTGCCT,1
sci.RNA.D.037.CGTCTATGAA,1
sci.RNA.E.014.AAGCATCCTA,0
sci.RNA.A.022.CCTATCATAA,1
sci.RNA.A.054.GCGGTTATTG,0
sci.RNA.A.089.TTCTCTACTA,1
sci.RNA.D.013.ACTGGTAGAT,0
sci.RNA.C.012.ACGGAGAATA,1
sci.RNA.D.092.TCCTCTCCGT,2
sci.RNA.A.046.CCAGGCTCTT,1
sci.RNA.D.022.GGCTATTCGA,2
sci.RNA.D.036.GGCTGCCTTA,0
sci.RNA.D.061.GCGGCCAATC,2
sci.RNA.A.047.TTGCAGCATT,1
sci.RNA.A.001.GACCAATGCG,0
sci.RNA.D.056.TTGATATGAA,0
sci.RNA.D.046.AGCGATCCGC,1
sci.RNA.A.062.GATTCCGGAA,0
sci.RNA.C.064.TCCTCTCCGT,2
sci.RNA.E.066.ATATGCCATC,2
sci.RNA.C.031.GCGGCCAATC,2
sci.RNA.D.095.TCTAGTCAAG,1
sci.RNA.C.004.ACGGAGAATA,1
sci.RNA.A.019.GGCGGTTGAC,2
sci.RNA.E.042.CCTATCATAA,1
sci.RNA.A.061.ACTGGTAGAT,0
sci.RNA.C.052.GTAGATGCGC,1
sci.RNA.D.080.ACTGGTAGAT,0
sci.RNA.E.013.ATATGCCATC,2
sci.RNA.D.053.ATATGCCATC,2
sci.RNA.E.056.ATCTAGGTTC,0
sci.RNA.D.078.GCGGAGTCGA,2
sci.RNA.C.062.CCTATCATAA,1
sci.RNA.B.051.CGTATTGAGA,2
sci.RNA.A.013.TTGCAGCATT,1
sci.RNA.D.048.ACGCGCTCCT,0
sci.RNA.C.074.CGTCTATGAA,1
sci.RNA.E.044.GGCTCGAGAT,2
sci.RNA.A.064.CCAGGCTCTT,1
sci.RNA.E.058.CCTATCATAA,1
sci.RNA.C.038.ACGGAGAATA,1
sci.RNA.D.081.ACGGAGAATA,1
sci.RNA.E.092.CTGAAGAGAC,1
sci.RNA.C.047.AAGTACGTTA,2
sci.RNA.E.018.TAGAATAGCC,1
sci.RNA.A.001.CGTATTGAGA,2
sci.RNA.D.085.ACGATAGACT,2
sci.RNA.E.088.CTCGGAGCAA,2
sci.RNA.B.035.CGTCTATGAA,1
sci.RNA.A.041.CCAGGCTCTT,1
sci.RNA.E.067.TCTAGTCAAG,1
sci.RNA.D.039.TTCGCTGCCT,1
sci.RNA.A.005.ACTCTACTGG,1
sci.RNA.A.020.TCTATCGGTA,2
sci.RNA.C.077.ACGTTGAATG,0
sci.RNA.D.069.ACGATAGACT,2
sci.RNA.D.072.GGCTATTCGA,2
sci.RNA.D.010.GGCTTCTGGA,1
sci.RNA.A.010.CCTAAGCGGT,0
sci.RNA.A.075.GGCGGTTGAC,2
sci.RNA.C.074.AGCGATCCGC,1
sci.RNA.D.014.GGACGACGCA,1
sci.RNA.D.048.CCTATCATAA,1
sci.RNA.E.080.CTATTAACCA,1
sci.RNA.D.003.AATCGAACTC,1
sci.RNA.C.032.TTGATATGAA,0
sci.RNA.E.022.TCCTCTCCGT,2
sci.RNA.D.076.AGCGATCCGC,1
sci.RNA.E.091.AGCGATCCGC,1
sci.RNA.C.039.TCTATCGGTA,2
sci.RNA.B.019.GGCTTCTGGA,1
sci.RNA.B.016.CTCGGAGCAA,2
sci.RNA.E.014.TTCTCTACTA,1
sci.RNA.A.091.AAGCATCCTA,0
sci.RNA.E.043.GGCTCGAGAT,2
sci.RNA.D.060.AATCGAACTC,1
sci.RNA.E.035.TTGCAGCATT,1
sci.RNA.C.041.ACTGGTAGAT,0
sci.RNA.E.083.AATCCGGTCA,1
sci.RNA.B.023.ACTGGTAGAT,0
sci.RNA.D.066.GGATTCTATC,1
sci.RNA.C.028.ACGGAGAATA,1
sci.RNA.C.032.GATCCAGCGT,2
sci.RNA.B.001.TTCTCTACTA,1
sci.RNA.B.018.CTTCATTAGA,0
sci.RNA.A.043.TAGAATAGCC,1
sci.RNA.B.014.ACTGGTAGAT,0
sci.RNA.E.036.GCGGCCAATC,2
sci.RNA.C.089.TGAGACTCTA,2
sci.RNA.D.040.TTGCAGCATT,1
sci.RNA.E.095.ACGATAGACT,2
sci.RNA.D.041.GCGGTTATTG,0
sci.RNA.A.012.CCTAAGCGGT,0
sci.RNA.E.074.ATATGCCATC,2
sci.RNA.E.084.TAGCCAGCAA,2
sci.RNA.B.049.TCTAGTCAAG,1
sci.RNA.B.042.TCTATCGGTA,2
sci.RNA.C.057.TTGCAGCATT,1
sci.RNA.D.057.ATCTAGGTTC,0
sci.RNA.A.049.TGAGACTCTA,2
sci.RNA.A.095.TAGCCAGCAA,2
sci.RNA.E.042.GATCCAGCGT,2
sci.RNA.C.077.ACGGAGAATA,1
sci.RNA.B.063.ACGTTGAATG,0
sci.RNA.A.021.ATATGCCATC,2
sci.RNA.B.024.GGCTATTCGA,2
sci.RNA.D.014.TTGCAGCATT,1
sci.RNA.B.044.ACTCGACGCC,0
sci.RNA.B.012.CCTATCATAA,1
sci.RNA.E.070.GCGGAGTCGA,2
sci.RNA.D.090.ACTCGACGCC,0
sci.RNA.E.065.AGCGATCCGC,1
sci.RNA.C.054.GGCTCGAGAT,2
sci.RNA.C.094.TCCGCCGGTC,2
sci.RNA.A.025.AAGTACGTTA,2
sci.RNA.E.081.TTGCAGCATT,1
sci.RNA.E.090.TTCTCTACTA,1
sci.RNA.E.026.ACGGAGAATA,1
sci.RNA.A.060.TCTAGTCAAG,1
sci.RNA.A.077.GCGGCCAATC,2
sci.RNA.B.013.GGCTATTCGA,2
sci.RNA.D.030.GGCTATTCGA,2
sci.RNA.D.075.GGCATCTACC,1
sci.RNA.E.064.ACGATAGACT,2
sci.RNA.D.030.ACGGAGAATA,1
sci.RNA.E.063.CGTCTATGAA,1
sci.RNA.B.012.CGTCTATGAA,1
sci.RNA.C.094.CTCGGAGCAA,2
sci.RNA.E.023.GATTCCGGAA,0
sci.RNA.C.043.AGCGATCCGC,1
sci.RNA.E.083.CTATTAACCA,1
sci.RNA.D.074.TCTCTCATCC,0
sci.RNA.B.049.TTCTATAGAG,1
sci.RNA.D.088.TTGCAGCATT,1
sci.RNA.A.026.ACTCGACGCC,0
sci.RNA.A.094.GCGGAGTCGA,2
sci.RNA.C.014.AATCCGGTCA,1
sci.RNA.E.023.ACGATAGACT,2
sci.RNA.A.013.GCGGCCAATC,2
sci.RNA.C.077.CGTCTATGAA,1
sci.RNA.D.029.TGAGACTCTA,2
sci.RNA.B.057.ACGTTGAATG,0
sci.RNA.B.059.CTCGGAGCAA,2
sci.RNA.E.025.CCAGGCTCTT,1
sci.RNA.B.035.TTCTCTACTA,1
sci.RNA.A.009.CCTATCATAA,1
sci.RNA.B.027.CTCGGAGCAA,2
sci.RNA.A.056.TCCGCCGGTC,2
sci.RNA.E.053.GGCTATTCGA,2
sci.RNA.E.042.GGCTTCTGGA,1
sci.RNA.E.081.CTCGGAGCAA,2
sci.RNA.D.004.CGTATTGAGA,2
sci.RNA.A.068.CCAGGCTCTT,1
sci.RNA.C.068.GACCAATGCG,0
sci.RNA.C.067.GGACGACGCA,1
sci.RNA.D.067.CCTATCATAA,1
sci.RNA.A.082.CCTATCATAA,1
sci.RNA.D.073.ACGTTGAATG,0
sci.RNA.D.054.TCTCTCATCC,0
sci.RNA.C.088.GCGGTTATTG,0
sci.RNA.A.060.ACGGAGAATA,1
sci.RNA.B.038.ATCTAGGTTC,0
sci.RNA.D.061.ACGGAGAATA,1
sci.RNA.C.095.AGCGATCCGC,1
sci.RNA.C.045.TTGCAGCATT,1
sci.RNA.E.088.GCGGTTATTG,0
sci.RNA.E.041.ACGGAGAATA,1
sci.RNA.D.063.GGCTGCCTTA,0
sci.RNA.E.013.AGCGATCCGC,1
sci.RNA.B.036.TTGCAGCATT,1
sci.RNA.B.005.TTGCAGCATT,1
sci.RNA.D.037.TTGATATGAA,0
sci.RNA.C.020.ACGATAGACT,2
sci.RNA.A.046.ACGGAGAATA,1
sci.RNA.A.006.TTGCAGCATT,1
sci.RNA.A.089.GACCAATGCG,0
sci.RNA.A.018.TCTATCGGTA,2
sci.RNA.E.055.CCTAAGCGGT,0
sci.RNA.C.079.TCTCTCATCC,0
sci.RNA.E.033.CTGGTTGGTT,0
sci.RNA.D.077.CTATTAACCA,1
sci.RNA.B.003.GACCAATGCG,0
sci.RNA.C.055.GGCTTCTGGA,1
sci.RNA.C.046.TTCTCTACTA,1
sci.RNA.A.037.ACGTTGAATG,0
sci.RNA.E.045.CCTATCATAA,1
sci.RNA.E.015.CTATTAACCA,1
sci.RNA.A.060.TTCTATAGAG,1
sci.RNA.D.056.GGCATCTACC,1
sci.RNA.B.002.CGTCTATGAA,1
sci.RNA.A.079.TTGATATGAA,0
sci.RNA.A.075.TAGCCAGCAA,2
sci.RNA.B.062.ACGTTGAATG,0
sci.RNA.B.049.ACGGAGAATA,1
sci.RNA.B.063.CCATCGGACC,0
sci.RNA.C.037.CGTATTGAGA,2
sci.RNA.E.046.ACGGAGAATA,1
sci.RNA.D.047.GGACGACGCA,1
sci.RNA.D.042.GGCTGCCTTA,0
sci.RNA.D.002.TTCGCTGCCT,1
sci.RNA.D.026.ACGATAGACT,2
sci.RNA.D.036.GGCTTCTGGA,1
sci.RNA.C.070.CGTATTGAGA,2
sci.RNA.A.085.CGAATCTCCT,2
sci.RNA.A.026.TTGATATGAA,0
sci.RNA.D.016.ATATGCCATC,2
sci.RNA.D.047.TCTATCGGTA,2
sci.RNA.A.031.ACTCGACGCC,0
sci.RNA.A.091.ATATGCCATC,2
sci.RNA.A.054.CGTCTATGAA,1
sci.RNA.B.045.GACCAATGCG,0
sci.RNA.C.081.TCCTCTCCGT,2
sci.RNA.A.034.GACCAATGCG,0
sci.RNA.C.066.ACTGGTAGAT,0
sci.RNA.A.048.AATCGAACTC,1
sci.RNA.A.025.TTCTATAGAG,1
sci.RNA.A.005.CGTATTGAGA,2
sci.RNA.E.004.TGAGACTCTA,2
sci.RNA.C.009.CTCGGAGCAA,2
sci.RNA.E.017.GGCTATTCGA,2
sci.RNA.B.031.ACGGAGAATA,1
sci.RNA.B.006.CCTGAGAGCA,1
sci.RNA.E.070.TCTATCGGTA,2
sci.RNA.C.071.ACTGGTAGAT,0
sci.RNA.D.009.GCGGTTATTG,0
sci.RNA.D.082.ACTGGTAGAT,0
sci.RNA.E.093.GGCTTCTGGA,1
sci.RNA.A.094.ATCTAGGTTC,0
sci.RNA.D.038.GGCATCTACC,1
sci.RNA.A.023.CGTCTATGAA,1
sci.RNA.A.093.ACGGAGAATA,1
sci.RNA.A.053.TAGCCAGCAA,2
sci.RNA.B.033.TCTATCGGTA,2
sci.RNA.E.040.CTCGGAGCAA,2
sci.RNA.A.089.CGTCTATGAA,1
sci.RNA.C.047.TGCCTAACTT,2
sci.RNA.E.083.CGAATCTCCT,2
sci.RNA.D.031.CGTATTGAGA,2
sci.RNA.E.083.CTTCATTAGA,0
sci.RNA.C.094.CGTATTGAGA,2
sci.RNA.B.021.GATCCAGCGT,2
sci.RNA.A.048.AGCGATCCGC,1
sci.RNA.E.047.GCGGCCAATC,2
sci.RNA.D.061.TTGATATGAA,0
sci.RNA.D.019.TCTATCGGTA,2
sci.RNA.A.023.TAGAATAGCC,1
sci.RNA.E.014.GGCTATTCGA,2
sci.RNA.A.070.ACGATAGACT,2
sci.RNA.C.081.AATCCGGTCA,1
sci.RNA.D.069.ACGCTTCTCT,2
sci.RNA.A.026.AGCGATCCGC,1
sci.RNA.A.027.GGCGGTTGAC,2
sci.RNA.C.088.ACTCGACGCC,0
sci.RNA.C.052.CTTCATTAGA,0
sci.RNA.D.039.TCTCTCATCC,0
sci.RNA.C.039.ACGATAGACT,2
sci.RNA.C.010.TTGATATGAA,0
sci.RNA.A.077.ACGTTGAATG,0
sci.RNA.B.007.GGCTATTCGA,2
sci.RNA.B.002.ACGCGCTCCT,0
sci.RNA.A.079.GGACGACGCA,1
sci.RNA.E.002.GATTCCGGAA,0
sci.RNA.A.007.GCGGCCAATC,2
sci.RNA.C.007.AATCCGGTCA,1
sci.RNA.E.061.GGCTATTCGA,2
sci.RNA.A.019.CTATTAACCA,1
sci.RNA.A.019.GGCTATTCGA,2
sci.RNA.D.044.ACGCGCTCCT,0
sci.RNA.D.064.GGATTCTATC,1
sci.RNA.C.070.TAGCCAGCAA,2
sci.RNA.A.095.CCATCGGACC,0
sci.RNA.E.017.CTCGGAGCAA,2
sci.RNA.C.070.AATCCGGTCA,1
sci.RNA.E.025.TTGCAGCATT,1
sci.RNA.E.073.CGTATTGAGA,2
sci.RNA.E.072.ACTGGTAGAT,0
sci.RNA.A.072.CTCGGAGCAA,2
sci.RNA.A.060.CTTCATTAGA,0
sci.RNA.E.079.AAGTACGTTA,2
sci.RNA.C.054.CTATTAACCA,1
sci.RNA.C.023.AAGTACGTTA,2
sci.RNA.A.051.CGTCTATGAA,1
sci.RNA.E.074.GCGGCCAATC,2
sci.RNA.C.092.GGCTGCCTTA,0
sci.RNA.A.015.CTCGGAGCAA,2
sci.RNA.E.077.GACCAATGCG,0
sci.RNA.A.065.GCGGAGTCGA,2
sci.RNA.B.006.ACGGAGAATA,1
sci.RNA.A.076.GGCTATTCGA,2
sci.RNA.A.027.CGTCTATGAA,1
sci.RNA.A.066.TAGCCAGCAA,2
sci.RNA.A.013.AAGCATCCTA,0
sci.RNA.C.064.AGGTAGAGCT,1
sci.RNA.E.070.CCTAAGCGGT,0
sci.RNA.B.025.CCTAAGCGGT,0
sci.RNA.D.057.CCAGGCTCTT,1
sci.RNA.A.030.TAGAATAGCC,1
sci.RNA.B.037.TTGATATGAA,0
sci.RNA.C.029.CTTCATTAGA,0
sci.RNA.C.044.CGTCTATGAA,1
sci.RNA.D.061.GCGGTTATTG,0
sci.RNA.A.014.CGTATTGAGA,2
sci.RNA.E.045.CGAATCTCCT,2
sci.RNA.E.056.ACGTTGAATG,0
sci.RNA.E.074.ACTGGTAGAT,0
sci.RNA.A.065.CCATCGGACC,0
sci.RNA.D.030.CTTCATTAGA,0
sci.RNA.E.083.TGAGACTCTA,2
sci.RNA.D.078.AATCGAACTC,1
sci.RNA.E.020.GGACGACGCA,1
sci.RNA.E.061.ACGGAGAATA,1
sci.RNA.C.072.CGTATTGAGA,2
sci.RNA.E.062.TCTCTCATCC,0
sci.RNA.A.011.GATCCAGCGT,2
sci.RNA.D.089.GGCTCGAGAT,2
sci.RNA.A.084.CCTAAGCGGT,0
sci.RNA.D.035.CCTATCATAA,1
sci.RNA.D.026.GGACGACGCA,1
sci.RNA.B.008.CTCGGAGCAA,2
sci.RNA.D.091.GATTCCGGAA,0
sci.RNA.E.014.CGTCTATGAA,1
sci.RNA.B.059.TTGCAGCATT,1
sci.RNA.E.096.AATCGAACTC,1
sci.RNA.E.018.TCTATCGGTA,2
sci.RNA.E.005.TCTATCGGTA,2
sci.RNA.E.091.CCTATCATAA,1
sci.RNA.C.076.ATATGCCATC,2
sci.RNA.D.034.CTATTAACCA,1
sci.RNA.E.009.CCAGGCTCTT,1
sci.RNA.B.003.CTTCATTAGA,0
sci.RNA.B.003.GGCTATTCGA,2
sci.RNA.C.018.ATATGCCATC,2
sci.RNA.D.052.GGCTGCCTTA,0
sci.RNA.D.063.GGACGACGCA,1
sci.RNA.D.070.CCAGGCTCTT,1
sci.RNA.A.071.CTGAAGAGAC,1
sci.RNA.A.078.GGACGACGCA,1
sci.RNA.E.022.AATCCGGTCA,1
sci.RNA.B.039.ATCTAGGTTC,0
sci.RNA.E.019.GGATTCTATC,1
sci.RNA.D.027.GCGGTTATTG,0
sci.RNA.C.010.ACTGGTAGAT,0
sci.RNA.B.009.TGAGACTCTA,2
sci.RNA.C.095.TAGCCAGCAA,2
sci.RNA.A.029.CGAATCTCCT,2
sci.RNA.D.005.ACTGGTAGAT,0
sci.RNA.E.092.AATCGAACTC,1
sci.RNA.C.051.GGCTTCTGGA,1
sci.RNA.E.018.CTGAAGAGAC,1
sci.RNA.B.063.AGCGATCCGC,1
sci.RNA.A.020.CGTATTGAGA,2
sci.RNA.C.085.GGCGGTTGAC,2
sci.RNA.D.031.TTGATATGAA,0
sci.RNA.D.050.GGCTCGAGAT,2
sci.RNA.B.002.TCTATCGGTA,2
sci.RNA.C.019.CGTCTATGAA,1
sci.RNA.D.088.AAGTACGTTA,2
sci.RNA.B.010.ATATGCCATC,2
sci.RNA.C.094.TCTCTCATCC,0
sci.RNA.C.009.CGTATTGAGA,2
sci.RNA.C.027.ACGCGCTCCT,0
sci.RNA.D.033.GGCATCTACC,1
sci.RNA.B.055.GCGGTTATTG,0
sci.RNA.E.031.CCTATCATAA,1
sci.RNA.B.048.AATCGAACTC,1
sci.RNA.C.001.ACGGAGAATA,1
sci.RNA.B.053.GGCTATTCGA,2
sci.RNA.D.071.GATTCCGGAA,0
sci.RNA.A.045.GCGGAGTCGA,2
sci.RNA.A.021.GGACGACGCA,1
sci.RNA.A.082.CGTATTGAGA,2
sci.RNA.C.033.CCATCGGACC,0
sci.RNA.C.019.ATCTAGGTTC,0
sci.RNA.D.064.AATCCGGTCA,1
sci.RNA.D.076.GGCTCGAGAT,2
sci.RNA.A.007.ACGCGCTCCT,0
sci.RNA.A.014.ACGATAGACT,2
sci.RNA.D.063.TGAGACTCTA,2
sci.RNA.E.051.GATCCAGCGT,2
sci.RNA.D.018.GGCTCGAGAT,2
sci.RNA.B.056.TCTATCGGTA,2
sci.RNA.C.018.ACGCGCTCCT,0
sci.RNA.C.020.AATCGAACTC,1
sci.RNA.A.046.GGCTATTCGA,2
sci.RNA.B.064.GGCGGTTGAC,2
sci.RNA.E.042.TCCTCTCCGT,2
sci.RNA.E.036.GGCTTCTGGA,1
sci.RNA.C.030.GTAGATGCGC,1
sci.RNA.A.041.TCTCTCATCC,0
sci.RNA.E.023.AAGTACGTTA,2
sci.RNA.A.032.GACCAATGCG,0
sci.RNA.C.093.CGTCTATGAA,1
sci.RNA.E.078.CGTATTGAGA,2
sci.RNA.A.040.TTCTATAGAG,1
sci.RNA.C.076.TTCGCTGCCT,1
sci.RNA.A.044.ACGATAGACT,2
sci.RNA.A.063.CGTATTGAGA,2
sci.RNA.C.037.GGCATCTACC,1
sci.RNA.D.086.TCTATCGGTA,2
sci.RNA.C.053.ATATGCCATC,2
sci.RNA.E.079.ATCCATCAGG,2
sci.RNA.D.058.AAGCATCCTA,0
sci.RNA.B.056.AAGCATCCTA,0
sci.RNA.B.008.TGAGACTCTA,2
sci.RNA.B.048.TCTCTCATCC,0
sci.RNA.D.093.ACGGAGAATA,1
sci.RNA.D.073.CGTATTGAGA,2
sci.RNA.A.084.AAGTACGTTA,2
sci.RNA.B.040.ACGATAGACT,2
sci.RNA.E.021.GGCTCGAGAT,2
sci.RNA.B.051.CCTAAGCGGT,0
sci.RNA.A.088.CGTATTGAGA,2
sci.RNA.D.081.CCATCGGACC,0
sci.RNA.A.095.AATCGAACTC,1
sci.RNA.B.029.TTGATATGAA,0
sci.RNA.D.088.GGACGACGCA,1
sci.RNA.E.039.TAGCCAGCAA,2
sci.RNA.D.081.CGTCTATGAA,1
sci.RNA.C.026.ACTCGACGCC,0
sci.RNA.A.024.TCTATCGGTA,2
sci.RNA.A.091.CGAATCTCCT,2
sci.RNA.E.063.GGCTCGAGAT,2
sci.RNA.E.062.ACTGGTAGAT,0
sci.RNA.C.011.ATATGCCATC,2
sci.RNA.A.008.GCGGCCAATC,2
sci.RNA.A.050.CCTATCATAA,1
sci.RNA.C.076.CCAGGCTCTT,1
sci.RNA.B.050.ACGATAGACT,2
sci.RNA.B.028.TTCTATAGAG,1
sci.RNA.A.010.GATTCCGGAA,0
sci.RNA.C.032.TGAGACTCTA,2
sci.RNA.B.019.ATATGCCATC,2
sci.RNA.C.009.GGCTATTCGA,2
sci.RNA.A.026.AAGTACGTTA,2
sci.RNA.D.059.CGTCTATGAA,1
sci.RNA.E.052.ACGATAGACT,2
sci.RNA.C.050.TCTCTCATCC,0
sci.RNA.D.079.GCGGTTATTG,0
sci.RNA.C.051.GGATTCTATC,1
sci.RNA.A.068.CTATTAACCA,1
sci.RNA.C.019.AATCCGGTCA,1
sci.RNA.D.093.GGCTGCCTTA,0
sci.RNA.D.054.GGCGGTTGAC,2
sci.RNA.D.092.CTGAAGAGAC,1
sci.RNA.C.060.TTCTCTACTA,1
sci.RNA.E.029.GGCTGCCTTA,0
sci.RNA.A.039.GCGGTTATTG,0
sci.RNA.D.089.GACCAATGCG,0
sci.RNA.E.066.GGCTATTCGA,2
sci.RNA.C.067.TCTATCGGTA,2
sci.RNA.E.094.AATCCGGTCA,1
sci.RNA.A.055.AATCCGGTCA,1
sci.RNA.C.077.TCTCTCATCC,0
sci.RNA.D.071.CCTAAGCGGT,0
sci.RNA.E.079.ACGATAGACT,2
sci.RNA.A.096.CTGAAGAGAC,1
sci.RNA.E.031.CCAGGCTCTT,1
sci.RNA.B.010.CGTCTATGAA,1
sci.RNA.E.070.TTGATATGAA,0
sci.RNA.C.029.TCTATCGGTA,2
sci.RNA.E.012.GGCTGCCTTA,0
sci.RNA.E.081.ACTGGTAGAT,0
sci.RNA.E.075.GGCTGCCTTA,0
sci.RNA.C.005.TTGATATGAA,0
sci.RNA.A.083.CCTATCATAA,1
sci.RNA.C.015.AAGTACGTTA,2
sci.RNA.C.089.AGCGATCCGC,1
sci.RNA.D.088.TTCTCTACTA,1
sci.RNA.E.031.TGAGACTCTA,2
sci.RNA.E.042.CGTCTATGAA,1
sci.RNA.C.088.CTTCATTAGA,0
sci.RNA.C.082.GCGGTTATTG,0
sci.RNA.A.016.ATCTAGGTTC,0
sci.RNA.B.035.TTCTATAGAG,1
sci.RNA.D.013.TCTAGTCAAG,1
sci.RNA.D.030.TAGCCAGCAA,2
sci.RNA.D.035.AATCGAACTC,1
sci.RNA.A.039.ACGTTGAATG,0
sci.RNA.D.017.CGTATTGAGA,2
sci.RNA.E.058.AAGTACGTTA,2
sci.RNA.A.055.GGCGGTTGAC,2
sci.RNA.E.007.ACGATAGACT,2
sci.RNA.A.020.AGGTAGAGCT,1
sci.RNA.E.013.CCTAAGCGGT,0
sci.RNA.E.068.AATCGAACTC,1
sci.RNA.E.039.AGCGATCCGC,1
sci.RNA.D.008.AGCGATCCGC,1
sci.RNA.D.059.TTCTATAGAG,1
sci.RNA.E.004.ATATGCCATC,2
sci.RNA.B.024.GGCGGTTGAC,2
sci.RNA.A.014.ACGCTTCTCT,2
sci.RNA.D.070.CTGAAGAGAC,1
sci.RNA.A.033.GATCCAGCGT,2
sci.RNA.A.087.GCGGTTATTG,0
sci.RNA.C.078.ATATGCCATC,2
sci.RNA.D.060.ACTCGACGCC,0
sci.RNA.E.008.GGCTATTCGA,2
sci.RNA.E.003.ACGTTGAATG,0
sci.RNA.C.026.CCTATCATAA,1
sci.RNA.D.020.TGAGACTCTA,2
sci.RNA.A.095.CCTATCATAA,1
sci.RNA.C.065.TAGAATAGCC,1
sci.RNA.B.047.CTATTAACCA,1
sci.RNA.A.041.GGCTCGAGAT,2
sci.RNA.D.053.CCTATCATAA,1
sci.RNA.B.034.ACGTTGAATG,0
sci.RNA.A.049.AGCGATCCGC,1
sci.RNA.A.037.AATCCGGTCA,1
sci.RNA.C.051.CTTCATTAGA,0
sci.RNA.C.045.CTATTAACCA,1
sci.RNA.D.038.TTGATATGAA,0
sci.RNA.C.032.CTCGGAGCAA,2
sci.RNA.E.036.CGTATTGAGA,2
sci.RNA.E.005.TGCCTAACTT,2
sci.RNA.C.020.TTCTCTACTA,1
sci.RNA.A.022.ACGTTGAATG,0
sci.RNA.E.027.TTGATATGAA,0
sci.RNA.D.057.ACGGAGAATA,1
sci.RNA.A.050.CTGAAGAGAC,1
sci.RNA.A.094.GATCCAGCGT,2
sci.RNA.B.061.ACTCTACTGG,1
sci.RNA.B.047.GCGGTTATTG,0
sci.RNA.C.038.CGTATTGAGA,2
sci.RNA.E.096.CGAATCTCCT,2
sci.RNA.B.049.CTATTAACCA,1
sci.RNA.A.058.AAGCATCCTA,0
sci.RNA.E.069.ACGTTGAATG,0
sci.RNA.E.031.GGCTATTCGA,2
sci.RNA.D.016.CGTCTATGAA,1
sci.RNA.A.054.ACTCGACGCC,0
sci.RNA.D.010.GGCTCGAGAT,2
sci.RNA.A.062.GGCGGTTGAC,2
sci.RNA.D.048.TCCGCCGGTC,2
sci.RNA.E.074.TGAGACTCTA,2
sci.RNA.C.047.CGTCTATGAA,1
sci.RNA.B.054.CGTCTATGAA,1
sci.RNA.A.081.TAGCCAGCAA,2
sci.RNA.D.004.ACGGAGAATA,1
sci.RNA.A.088.CTTCATTAGA,0
sci.RNA.E.041.GGCTCGAGAT,2
sci.RNA.E.021.GTAGATGCGC,1
sci.RNA.C.039.GGCTATTCGA,2
sci.RNA.D.005.AATCGAACTC,1
sci.RNA.A.020.ACGGAGAATA,1
sci.RNA.B.026.TCTATCGGTA,2
sci.RNA.E.090.CGTATTGAGA,2
sci.RNA.B.008.CTTCATTAGA,0
sci.RNA.E.012.CCTAAGCGGT,0
sci.RNA.C.051.TTCTATAGAG,1
sci.RNA.C.026.GGACGACGCA,1
sci.RNA.D.002.ACTCGACGCC,0
sci.RNA.A.081.CCTATCATAA,1
sci.RNA.E.045.GCGGAGTCGA,2
sci.RNA.E.055.ACTGGTAGAT,0
sci.RNA.D.036.CTCGGAGCAA,2
sci.RNA.E.093.GGCTCGAGAT,2
sci.RNA.B.022.CGTATTGAGA,2
sci.RNA.C.082.TTGCAGCATT,1
sci.RNA.A.076.ACGGAGAATA,1
sci.RNA.E.076.GGCTCGAGAT,2
sci.RNA.B.006.CCTATCATAA,1
sci.RNA.A.077.AGGTAGAGCT,1
sci.RNA.E.080.GGCGGTTGAC,2
sci.RNA.A.090.CTGAAGAGAC,1
sci.RNA.B.028.ACGATAGACT,2
sci.RNA.A.006.TCTAGTCAAG,1
sci.RNA.D.096.CTATTAACCA,1
sci.RNA.E.021.AATCGAACTC,1
sci.RNA.A.069.AGCGATCCGC,1
sci.RNA.D.053.CTCGGAGCAA,2
sci.RNA.B.028.GCGGAGTCGA,2
sci.RNA.E.037.GGCTATTCGA,2
sci.RNA.B.064.TCTCTCATCC,0
sci.RNA.C.091.TCTATCGGTA,2
sci.RNA.E.040.GGCTATTCGA,2
sci.RNA.E.046.ATATGCCATC,2
sci.RNA.C.090.TTCTCTACTA,1
sci.RNA.E.035.ACTCGACGCC,0
sci.RNA.E.083.CGTCTATGAA,1
sci.RNA.A.037.ACTCTACTGG,1
sci.RNA.D.014.GGCTATTCGA,2
sci.RNA.B.008.AATCCGGTCA,1
sci.RNA.C.075.GCGGTTATTG,0
sci.RNA.D.040.TTCTCTACTA,1
sci.RNA.E.017.ACGATAGACT,2
sci.RNA.E.057.CGAATCTCCT,2
sci.RNA.C.013.GGCTTCTGGA,1
sci.RNA.E.077.ACGATAGACT,2
sci.RNA.C.018.TTCTATAGAG,1
sci.RNA.D.036.AAGTACGTTA,2
sci.RNA.A.009.TCTCTCATCC,0
sci.RNA.E.090.TCTATCGGTA,2
sci.RNA.C.081.ACGGAGAATA,1
sci.RNA.D.020.ATATGCCATC,2
sci.RNA.E.019.CGTATTGAGA,2
sci.RNA.A.006.AGCGATCCGC,1
sci.RNA.D.031.GTAGATGCGC,1
sci.RNA.A.044.GCGGTTATTG,0
sci.RNA.A.021.TCCGCCGGTC,2
sci.RNA.C.009.ACTGGTAGAT,0
sci.RNA.C.042.CCAGGCTCTT,1
sci.RNA.A.007.TGAGACTCTA,2
sci.RNA.A.053.GATCCAGCGT,2
sci.RNA.B.038.CCATCGGACC,0
sci.RNA.A.007.AAGTACGTTA,2
sci.RNA.D.082.TCCGCCGGTC,2
sci.RNA.C.078.AAGCATCCTA,0
sci.RNA.D.009.GGCGGTTGAC,2
sci.RNA.A.038.CTCGGAGCAA,2
sci.RNA.A.015.TTCGCTGCCT,1
sci.RNA.B.026.ACGCTTCTCT,2
sci.RNA.B.024.ACGGAGAATA,1
sci.RNA.C.035.TCTATCGGTA,2
sci.RNA.A.029.TCTCTCATCC,0
sci.RNA.E.030.TTCGCTGCCT,1
sci.RNA.E.017.ATATGCCATC,2
sci.RNA.A.011.TTCGCTGCCT,1
sci.RNA.E.026.TTCGCTGCCT,1
sci.RNA.A.029.CTTCATTAGA,0
sci.RNA.E.014.GGCTTCTGGA,1
sci.RNA.E.055.GCGGTTATTG,0
sci.RNA.B.045.TTGCAGCATT,1
sci.RNA.E.090.AATCCGGTCA,1
sci.RNA.A.055.CGTCTATGAA,1
sci.RNA.D.061.GGACGACGCA,1
sci.RNA.C.089.TCCGCCGGTC,2
sci.RNA.E.029.ACTCGACGCC,0
sci.RNA.C.048.CGAATCTCCT,2
sci.RNA.A.053.GCGGAGTCGA,2
sci.RNA.E.006.ACTGGTAGAT,0
sci.RNA.D.008.CCAGGCTCTT,1
sci.RNA.E.058.CCATCGGACC,0
sci.RNA.E.020.CCTATCATAA,1
sci.RNA.D.067.GATCCAGCGT,2
sci.RNA.B.048.AGGTAGAGCT,1
sci.RNA.D.029.CTTCATTAGA,0
sci.RNA.B.013.CCTATCATAA,1
sci.RNA.A.073.AAGCATCCTA,0
sci.RNA.D.034.CGTCTATGAA,1
sci.RNA.E.054.CCTAAGCGGT,0
sci.RNA.E.065.TCTATCGGTA,2
sci.RNA.C.039.GGATTCTATC,1
sci.RNA.A.001.TCTCTCATCC,0
sci.RNA.A.043.GACCAATGCG,0
sci.RNA.A.095.TCTAGTCAAG,1
sci.RNA.A.091.GGCTGCCTTA,0
sci.RNA.D.013.AGGTAGAGCT,1
sci.RNA.A.061.CGTATTGAGA,2
sci.RNA.B.042.TCTAGTCAAG,1
sci.RNA.A.018.TAGCCAGCAA,2
sci.RNA.E.016.ACTCGACGCC,0
sci.RNA.B.062.AATCCGGTCA,1
sci.RNA.C.076.TGAGACTCTA,2
sci.RNA.B.052.AGCGATCCGC,1
sci.RNA.B.031.ACTCGACGCC,0
sci.RNA.A.091.ATCTAGGTTC,0
sci.RNA.A.091.GATCCAGCGT,2
sci.RNA.B.021.GGCTATTCGA,2
sci.RNA.E.063.AGCGATCCGC,1
sci.RNA.D.006.GGCTATTCGA,2
sci.RNA.B.007.CGTATTGAGA,2
sci.RNA.A.001.AAGTACGTTA,2
sci.RNA.C.090.GGCTATTCGA,2
sci.RNA.D.061.TGAGACTCTA,2
sci.RNA.E.005.GGCTCGAGAT,2
sci.RNA.E.086.TGAGACTCTA,2
sci.RNA.A.072.CTATTAACCA,1
sci.RNA.C.011.AATCCGGTCA,1
sci.RNA.B.009.GGCTATTCGA,2
sci.RNA.B.056.CTATTAACCA,1
sci.RNA.D.050.CGAATCTCCT,2
sci.RNA.E.070.ACGCGCTCCT,0
sci.RNA.C.023.ACGCGCTCCT,0
sci.RNA.B.017.CGAATCTCCT,2
sci.RNA.A.036.TGAGACTCTA,2
sci.RNA.E.081.TAGCCAGCAA,2
sci.RNA.C.085.GCGGTTATTG,0
sci.RNA.E.075.GCGGTTATTG,0
sci.RNA.C.004.AGCGATCCGC,1
sci.RNA.B.003.TTCTATAGAG,1
sci.RNA.E.081.TCTATCGGTA,2
sci.RNA.E.040.TTGATATGAA,0
sci.RNA.C.091.TGAGACTCTA,2
sci.RNA.B.024.ACGCGCTCCT,0
sci.RNA.A.033.CTCGGAGCAA,2
sci.RNA.A.010.ACGTTGAATG,0
sci.RNA.E.060.ACGCTTCTCT,2
sci.RNA.C.027.ACGATAGACT,2
sci.RNA.D.089.ACTGGTAGAT,0
sci.RNA.C.055.ATATGCCATC,2
sci.RNA.D.044.CTATTAACCA,1
sci.RNA.E.012.GCGGCCAATC,2
sci.RNA.C.047.TCTATCGGTA,2
sci.RNA.A.057.ATTAACTTAA,2
sci.RNA.E.080.TGAGACTCTA,2
sci.RNA.C.031.TAGAATAGCC,1
sci.RNA.C.007.TTCTATAGAG,1
sci.RNA.E.032.GGCTATTCGA,2
sci.RNA.C.039.TTCGCTGCCT,1
sci.RNA.A.051.CCTAAGCGGT,0
sci.RNA.D.062.CTTCATTAGA,0
sci.RNA.B.045.GCGGCCAATC,2
sci.RNA.B.043.TTCTCTACTA,1
sci.RNA.A.093.GGCTATTCGA,2
sci.RNA.C.059.CTCGGAGCAA,2
sci.RNA.C.074.GGCTCGAGAT,2
sci.RNA.E.029.TCTAGTCAAG,1
sci.RNA.D.079.GGCGGTTGAC,2
sci.RNA.E.022.ACTCTACTGG,1
sci.RNA.A.004.AAGCATCCTA,0
sci.RNA.A.081.CCAGGCTCTT,1
sci.RNA.E.034.TCTCTCATCC,0
sci.RNA.E.051.GGATTCTATC,1
sci.RNA.A.010.AATCCGGTCA,1
sci.RNA.C.080.ATATGCCATC,2
sci.RNA.D.012.GATCCAGCGT,2
sci.RNA.C.030.CCAGGCTCTT,1
sci.RNA.C.050.GGCTGCCTTA,0
sci.RNA.B.033.ACGATAGACT,2
sci.RNA.A.075.ACGGAGAATA,1
sci.RNA.D.074.CGTCTATGAA,1
sci.RNA.A.003.TTCTCTACTA,1
sci.RNA.A.085.CCTATCATAA,1
sci.RNA.C.006.ATATGCCATC,2
sci.RNA.A.063.GGCATCTACC,1
sci.RNA.C.096.CGTCTATGAA,1
sci.RNA.A.019.TTCTATAGAG,1
sci.RNA.A.044.GATTCCGGAA,0
sci.RNA.A.060.ATATGCCATC,2
sci.RNA.E.089.TGAGACTCTA,2
sci.RNA.C.036.CGTATTGAGA,2
sci.RNA.E.044.TGAGACTCTA,2
sci.RNA.E.018.TTCGCTGCCT,1
sci.RNA.C.052.GGCTTCTGGA,1
sci.RNA.E.027.TAGAATAGCC,1
sci.RNA.A.032.GGCTATTCGA,2
sci.RNA.C.063.TTGATATGAA,0
sci.RNA.D.023.GGCTCGAGAT,2
sci.RNA.E.092.ACTCGACGCC,0
sci.RNA.A.027.AAGCATCCTA,0
sci.RNA.E.028.TCCGCCGGTC,2
sci.RNA.C.093.ACTCGACGCC,0
sci.RNA.E.030.ACGGAGAATA,1
sci.RNA.E.096.GGCGGTTGAC,2
sci.RNA.E.027.ACGTTGAATG,0
sci.RNA.D.062.GCGGTTATTG,0
sci.RNA.C.031.ACTCGACGCC,0
sci.RNA.C.021.ACGATAGACT,2
sci.RNA.A.048.GGACGACGCA,1
sci.RNA.C.048.CGTATTGAGA,2
sci.RNA.D.019.CTATTAACCA,1
sci.RNA.E.047.TAGAATAGCC,1
sci.RNA.D.026.TAGAATAGCC,1
sci.RNA.A.078.AAGCATCCTA,0
sci.RNA.B.023.TAGCCAGCAA,2
sci.RNA.E.078.CTGGTTGGTT,0
sci.RNA.E.018.ACTCGACGCC,0
sci.RNA.E.025.CGTATTGAGA,2
sci.RNA.A.050.ACGTTGAATG,0
sci.RNA.B.024.AGCGATCCGC,1
sci.RNA.C.061.CGTCTATGAA,1
sci.RNA.D.054.ACTGGTAGAT,0
sci.RNA.B.016.GCGGTTATTG,0
sci.RNA.A.038.AAGCATCCTA,0
sci.RNA.A.022.CTTCATTAGA,0
sci.RNA.E.059.CTCGGAGCAA,2
sci.RNA.D.024.AATCGAACTC,1
sci.RNA.E.036.ACGCGCTCCT,0
sci.RNA.A.016.GCGGAGTCGA,2
sci.RNA.A.046.CGTATTGAGA,2
sci.RNA.C.061.CTTCATTAGA,0
sci.RNA.D.051.GGCTCGAGAT,2
sci.RNA.D.077.TTCTATAGAG,1
sci.RNA.E.028.ACGCGCTCCT,0
sci.RNA.E.023.CCAGGCTCTT,1
sci.RNA.B.041.ATATGCCATC,2
sci.RNA.B.002.AATCCGGTCA,1
sci.RNA.D.070.ACTGGTAGAT,0
sci.RNA.E.059.GGCTGCCTTA,0
sci.RNA.D.054.TGAGACTCTA,2
sci.RNA.D.063.TTCGCTGCCT,1
sci.RNA.A.022.TTCTCTACTA,1
sci.RNA.D.031.ACGGAGAATA,1
sci.RNA.E.093.TCTAGTCAAG,1
sci.RNA.C.059.CCAGGCTCTT,1
sci.RNA.D.030.GGCATCTACC,1
sci.RNA.B.039.CGTCTATGAA,1
sci.RNA.E.074.ACGATAGACT,2
sci.RNA.D.009.ACGGAGAATA,1
sci.RNA.B.011.TCTATCGGTA,2
sci.RNA.D.012.ACGTTGAATG,0
sci.RNA.C.094.TTCTATAGAG,1
sci.RNA.D.095.ACTCGACGCC,0
sci.RNA.E.087.GGCTCGAGAT,2
sci.RNA.D.078.GGCGGTTGAC,2
sci.RNA.A.038.TGAGACTCTA,2
sci.RNA.E.042.AATCGAACTC,1
sci.RNA.D.017.GTAGATGCGC,1
sci.RNA.C.052.CCATCGGACC,0
sci.RNA.C.058.ACTCGACGCC,0
sci.RNA.C.050.CTTCATTAGA,0
sci.RNA.D.080.GACCAATGCG,0
sci.RNA.C.002.TCTATCGGTA,2
sci.RNA.B.051.ACGGAGAATA,1
sci.RNA.D.050.ACGCGCTCCT,0
sci.RNA.E.060.GATTCCGGAA,0
sci.RNA.A.064.GCGGAGTCGA,2
sci.RNA.A.054.TCTAGTCAAG,1
sci.RNA.C.048.GGCTGCCTTA,0
sci.RNA.D.013.CCATCGGACC,0
sci.RNA.B.013.TCTAGTCAAG,1
sci.RNA.E.036.ACGATAGACT,2
sci.RNA.C.019.AAGCATCCTA,0
sci.RNA.D.054.AATCCGGTCA,1
sci.RNA.E.040.TCCGCCGGTC,2
sci.RNA.D.094.AAGTACGTTA,2
sci.RNA.C.029.CTATTAACCA,1
sci.RNA.A.088.TCTATCGGTA,2
sci.RNA.E.061.ACGCGCTCCT,0
sci.RNA.E.057.TTGCAGCATT,1
sci.RNA.A.014.ACGTTGAATG,0
sci.RNA.C.056.AATCCGGTCA,1
sci.RNA.D.055.GCGGCCAATC,2
sci.RNA.E.065.TTCTATAGAG,1
sci.RNA.D.053.GGCTTCTGGA,1
sci.RNA.C.060.GGCTTCTGGA,1
sci.RNA.E.067.AATCCGGTCA,1
sci.RNA.D.007.TCCTCTCCGT,2
sci.RNA.A.084.TAGAATAGCC,1
sci.RNA.D.055.TCTATCGGTA,2
sci.RNA.E.060.AAGCATCCTA,0
sci.RNA.E.035.GGCATCTACC,1
sci.RNA.E.021.TTGATATGAA,0
sci.RNA.D.007.GGCGGTTGAC,2
sci.RNA.C.046.CGTCTATGAA,1
sci.RNA.D.061.ATATGCCATC,2
sci.RNA.C.093.TAGAATAGCC,1
sci.RNA.D.034.ACGGAGAATA,1
sci.RNA.A.054.TTGCAGCATT,1
sci.RNA.A.047.GGCTTCTGGA,1
sci.RNA.C.082.TCTCTCATCC,0
sci.RNA.E.035.ACGATAGACT,2
sci.RNA.A.004.ACGATAGACT,2
sci.RNA.D.010.ATATGCCATC,2
sci.RNA.E.029.GCGGCCAATC,2
sci.RNA.E.055.GGATTCTATC,1
sci.RNA.D.002.CGTATTGAGA,2
sci.RNA.A.039.CCATCGGACC,0
sci.RNA.E.011.GCGGTTATTG,0
sci.RNA.A.096.GGCGGTTGAC,2
sci.RNA.E.047.ACGATAGACT,2
sci.RNA.B.032.TTCTCTACTA,1
sci.RNA.E.049.CGTATTGAGA,2
sci.RNA.E.087.GGCTGCCTTA,0
sci.RNA.A.078.AGCGATCCGC,1
sci.RNA.B.013.AGCGATCCGC,1
sci.RNA.D.029.TAGAATAGCC,1
sci.RNA.B.027.GCGGAGTCGA,2
sci.RNA.E.096.CCTATCATAA,1
sci.RNA.B.023.TGAGACTCTA,2
sci.RNA.C.078.TAGCCAGCAA,2
sci.RNA.D.001.ATATGCCATC,2
sci.RNA.B.009.TCTATCGGTA,2
sci.RNA.E.001.AGCGATCCGC,1
sci.RNA.D.006.ACGATAGACT,2
sci.RNA.E.084.GCGGCCAATC,2
sci.RNA.A.076.GCGGTTATTG,0
sci.RNA.C.075.GGCTTCTGGA,1
sci.RNA.B.042.TTCGCTGCCT,1
sci.RNA.A.066.CGTCTATGAA,1
sci.RNA.A.065.TTCTATAGAG,1
sci.RNA.D.025.CTGGTTGGTT,0
sci.RNA.D.068.AGCGATCCGC,1
sci.RNA.B.045.AATCGAACTC,1
sci.RNA.A.060.AATCGAACTC,1
sci.RNA.D.035.CTCGGAGCAA,2
sci.RNA.D.078.AATCCGGTCA,1
sci.RNA.A.014.ATCCATCAGG,2
sci.RNA.B.005.CCTATCATAA,1
sci.RNA.A.049.CGAATCTCCT,2
sci.RNA.A.072.CGTATTGAGA,2
sci.RNA.E.068.TTCGCTGCCT,1
sci.RNA.E.074.TCTATCGGTA,2
sci.RNA.E.059.ACTCGACGCC,0
sci.RNA.C.004.CTATTAACCA,1
sci.RNA.E.070.CGAATCTCCT,2
sci.RNA.C.029.TGAGACTCTA,2
sci.RNA.C.068.GGCTATTCGA,2
sci.RNA.B.029.ACGATAGACT,2
sci.RNA.B.025.GGCTGCCTTA,0
sci.RNA.E.094.TCTAGTCAAG,1
sci.RNA.D.011.GGCTGCCTTA,0
sci.RNA.E.017.TGAGACTCTA,2
sci.RNA.B.058.GCGGTTATTG,0
sci.RNA.D.007.TCTATCGGTA,2
sci.RNA.A.020.AAGCATCCTA,0
sci.RNA.E.004.TTGATATGAA,0
sci.RNA.D.069.TCTCTCATCC,0
sci.RNA.B.027.CCAGGCTCTT,1
sci.RNA.A.066.CTTCATTAGA,0
sci.RNA.D.002.TTGATATGAA,0
sci.RNA.A.002.AATCCGGTCA,1
sci.RNA.B.050.GCGGAGTCGA,2
sci.RNA.A.062.AGCGATCCGC,1
sci.RNA.B.019.CCGCGCAGGT,1
sci.RNA.C.027.CGTCTATGAA,1
sci.RNA.E.085.TAGCCAGCAA,2
sci.RNA.B.044.CGTATTGAGA,2
sci.RNA.A.068.TCTATCGGTA,2
sci.RNA.B.063.TCTATCGGTA,2
sci.RNA.C.041.GACCAATGCG,0
sci.RNA.B.025.CTATTAACCA,1
sci.RNA.E.007.ACTCGACGCC,0
sci.RNA.A.042.TTCTATAGAG,1
sci.RNA.C.054.ACTGGTAGAT,0
sci.RNA.B.025.TTCTATAGAG,1
sci.RNA.E.058.ACGGAGAATA,1
sci.RNA.C.019.TCTATCGGTA,2
sci.RNA.A.050.AAGCATCCTA,0
sci.RNA.C.005.CTCGGAGCAA,2
sci.RNA.C.012.ACGATAGACT,2
sci.RNA.D.029.CCTATCATAA,1
sci.RNA.B.046.CTATTAACCA,1
sci.RNA.D.031.TCTATCGGTA,2
sci.RNA.B.057.CGTATTGAGA,2
sci.RNA.A.003.CCTAAGCGGT,0
sci.RNA.E.093.GATCCAGCGT,2
sci.RNA.E.047.TTCTATAGAG,1
sci.RNA.B.042.ATATGCCATC,2
sci.RNA.D.063.AGCGATCCGC,1
sci.RNA.C.053.CTTCATTAGA,0
sci.RNA.E.047.TCCGCCGGTC,2
sci.RNA.D.068.GGACGACGCA,1
sci.RNA.E.039.ACTCTACTGG,1
sci.RNA.B.025.CCATCGGACC,0
sci.RNA.D.007.CTGAAGAGAC,1
sci.RNA.E.012.ACGATAGACT,2
sci.RNA.E.018.TAGCCAGCAA,2
sci.RNA.D.065.GACCAATGCG,0
sci.RNA.D.091.AAGTACGTTA,2
sci.RNA.E.075.CTGAAGAGAC,1
sci.RNA.A.016.ATATGCCATC,2
sci.RNA.E.086.GGCTTCTGGA,1
sci.RNA.D.054.CCATCGGACC,0
sci.RNA.D.013.GGATTCTATC,1
sci.RNA.E.001.CTCGGAGCAA,2
sci.RNA.A.064.CTCGGAGCAA,2
sci.RNA.A.078.GGCATCTACC,1
sci.RNA.D.041.ACTCGACGCC,0
sci.RNA.C.056.ACTCGACGCC,0
sci.RNA.E.050.TTCTATAGAG,1
sci.RNA.A.056.GATTCCGGAA,0
sci.RNA.D.077.TGAGACTCTA,2
sci.RNA.B.030.GGCTCGAGAT,2
sci.RNA.E.001.GGCGGTTGAC,2
sci.RNA.B.010.TGAGACTCTA,2
sci.RNA.D.005.GGACGACGCA,1
sci.RNA.E.025.TGAGACTCTA,2
sci.RNA.C.096.TTGCAGCATT,1
sci.RNA.E.003.AGCGATCCGC,1
sci.RNA.D.084.ATATGCCATC,2
sci.RNA.A.015.CGTCTATGAA,1
sci.RNA.D.045.CGTCTATGAA,1
sci.RNA.C.041.AAGCATCCTA,0
sci.RNA.B.048.ACGGAGAATA,1
sci.RNA.D.039.CTATTAACCA,1
sci.RNA.D.020.ACGTTGAATG,0
sci.RNA.C.044.CCTATCATAA,1
sci.RNA.A.086.TTGCAGCATT,1
sci.RNA.E.078.ATATGCCATC,2
sci.RNA.A.037.TGAGACTCTA,2
sci.RNA.C.041.AATCCGGTCA,1
sci.RNA.D.024.CCTAAGCGGT,0
sci.RNA.C.041.TCTATCGGTA,2
sci.RNA.B.003.CGTATTGAGA,2
sci.RNA.C.009.ACTCGACGCC,0
sci.RNA.E.067.GTAGATGCGC,1
sci.RNA.A.047.ACGGAGAATA,1
sci.RNA.A.014.CCTATCATAA,1
sci.RNA.C.075.ACGGAGAATA,1
sci.RNA.B.054.CGTATTGAGA,2
sci.RNA.C.029.AATCCGGTCA,1
sci.RNA.E.085.TGAGACTCTA,2
sci.RNA.C.008.GGCATCTACC,1
sci.RNA.D.038.GGCTCGAGAT,2
sci.RNA.C.012.CTCGGAGCAA,2
sci.RNA.B.010.CTTCATTAGA,0
sci.RNA.D.040.GGCTCGAGAT,2
sci.RNA.A.028.CGTATTGAGA,2
sci.RNA.A.087.ACGCGCTCCT,0
sci.RNA.B.049.GATTCCGGAA,0
sci.RNA.C.063.CTATTAACCA,1
sci.RNA.E.058.GGACGACGCA,1
sci.RNA.C.081.CTCGGAGCAA,2
sci.RNA.B.009.ACGTTGAATG,0
sci.RNA.C.096.ACGATAGACT,2
sci.RNA.B.062.ACTCGACGCC,0
sci.RNA.E.025.TAGCCAGCAA,2
sci.RNA.A.060.CCTATCATAA,1
sci.RNA.E.049.CTATTAACCA,1
sci.RNA.D.052.ATATGCCATC,2
sci.RNA.C.067.ACTGGTAGAT,0
sci.RNA.A.074.GGATTCTATC,1
sci.RNA.D.007.CTCGGAGCAA,2
sci.RNA.D.014.GACCAATGCG,0
sci.RNA.E.041.AATCCGGTCA,1
sci.RNA.E.013.TTGCAGCATT,1
sci.RNA.C.003.CCTAAGCGGT,0
sci.RNA.B.055.GGCATCTACC,1
sci.RNA.E.002.ACGATAGACT,2
sci.RNA.A.095.CGAATCTCCT,2
sci.RNA.A.068.AAGCATCCTA,0
sci.RNA.E.059.GGCATCTACC,1
sci.RNA.D.039.AATCGAACTC,1
sci.RNA.C.037.GCGGAGTCGA,2
sci.RNA.E.004.ACGATAGACT,2
sci.RNA.C.084.GCGGCCAATC,2
sci.RNA.D.081.ACGCGCTCCT,0
sci.RNA.A.032.ATATGCCATC,2
sci.RNA.C.009.TTGATATGAA,0
sci.RNA.C.078.CCTAAGCGGT,0
sci.RNA.C.077.TCTATCGGTA,2
sci.RNA.D.005.ACTCTACTGG,1
sci.RNA.E.061.TGAGACTCTA,2
sci.RNA.C.065.TAGCCAGCAA,2
sci.RNA.C.045.TCTAGTCAAG,1
sci.RNA.D.040.GCGGTTATTG,0
sci.RNA.D.062.CTGGTTGGTT,0
sci.RNA.D.036.TTCTCTACTA,1
sci.RNA.D.082.ATATGCCATC,2
sci.RNA.E.005.GGACGACGCA,1
sci.RNA.D.027.ACGGAGAATA,1
sci.RNA.D.042.TCCGCCGGTC,2
sci.RNA.D.037.CCTAAGCGGT,0
sci.RNA.E.052.TCTATCGGTA,2
sci.RNA.A.059.TGAGACTCTA,2
sci.RNA.E.033.ATTAACTTAA,2
sci.RNA.A.051.ACGTTGAATG,0
sci.RNA.C.006.CGTATTGAGA,2
sci.RNA.B.038.AGGTAGAGCT,1
sci.RNA.E.058.CGTATTGAGA,2
sci.RNA.A.073.AAGTACGTTA,2
sci.RNA.C.083.TCTAGTCAAG,1
sci.RNA.C.050.AATCCGGTCA,1
sci.RNA.C.059.ATCTAGGTTC,0
sci.RNA.D.049.TCCGCCGGTC,2
sci.RNA.B.003.GCGGAGTCGA,2
sci.RNA.D.073.GATCCAGCGT,2
sci.RNA.D.055.GGCTATTCGA,2
sci.RNA.A.016.AATCCGGTCA,1
sci.RNA.A.035.GCGGTTATTG,0
sci.RNA.D.026.TTGATATGAA,0
sci.RNA.D.073.ACGGAGAATA,1
sci.RNA.E.044.GCTCGAATCA,2
sci.RNA.C.073.GCGGTTATTG,0
sci.RNA.C.030.CCTATCATAA,1
sci.RNA.C.063.GGACGACGCA,1
sci.RNA.D.092.TCCGCCGGTC,2
sci.RNA.C.056.AATCGAACTC,1
sci.RNA.C.073.AGCGATCCGC,1
sci.RNA.B.058.CCTATCATAA,1
sci.RNA.B.042.CCTATCATAA,1
sci.RNA.B.022.CCTAAGCGGT,0
sci.RNA.C.028.ATATGCCATC,2
sci.RNA.B.040.CTCGGAGCAA,2
sci.RNA.D.049.ATATGCCATC,2
sci.RNA.D.092.ACTCGACGCC,0
sci.RNA.D.047.GTAGATGCGC,1
sci.RNA.E.010.TAGAATAGCC,1
sci.RNA.D.056.TAGCCAGCAA,2
sci.RNA.C.061.GGCTCGAGAT,2
sci.RNA.D.082.AAGTACGTTA,2
sci.RNA.B.043.GGCGGTTGAC,2
sci.RNA.D.041.GGCTTCTGGA,1
sci.RNA.B.052.TTCTATAGAG,1
sci.RNA.B.018.TTCGCTGCCT,1
sci.RNA.E.007.ACTGGTAGAT,0
sci.RNA.C.014.GACCAATGCG,0
sci.RNA.C.045.ACTGGTAGAT,0
sci.RNA.A.059.TTCTATAGAG,1
sci.RNA.E.073.TCCGCCGGTC,2
sci.RNA.A.038.AAGTACGTTA,2
sci.RNA.B.059.GGCATCTACC,1
sci.RNA.E.029.ACTGGTAGAT,0
sci.RNA.D.016.CGTATTGAGA,2
sci.RNA.C.053.GGCTGCCTTA,0
sci.RNA.D.059.CTCGGAGCAA,2
sci.RNA.C.022.CGTCTATGAA,1
sci.RNA.A.079.GGCTATTCGA,2
sci.RNA.C.021.TTGCAGCATT,1
sci.RNA.D.008.TCTCTCATCC,0
